date.time,height.m,time.stamp
01/01/2017 09:00:00,3.995,02/01/2017 08:45:00
02/01/2017 09:00:00,3.904,02/01/2017 09:00:00
03/01/2017 09:00:00,3.853,03/01/2017 09:30:00
04/01/2017 09:00:00,3.608,04/01/2017 10:15:00
05/01/2017 09:00:00,3.254,05/01/2017 11:30:00
06/01/2017 09:00:00,3.641,07/01/2017 07:00:00
07/01/2017 09:00:00,3.588,07/01/2017 09:15:00
08/01/2017 09:00:00,3.39,09/01/2017 08:45:00
09/01/2017 09:00:00,3.847,09/01/2017 18:00:00
10/01/2017 09:00:00,4.297,11/01/2017 04:45:00
11/01/2017 09:00:00,4.783,12/01/2017 05:30:00
12/01/2017 09:00:00,4.652,12/01/2017 18:30:00
13/01/2017 09:00:00,4.949,14/01/2017 07:00:00
14/01/2017 09:00:00,4.753,15/01/2017 08:15:00
15/01/2017 09:00:00,4.422,15/01/2017 09:00:00
16/01/2017 09:00:00,4.271,16/01/2017 09:00:00
17/01/2017 09:00:00,4.004,17/01/2017 09:30:00
18/01/2017 09:00:00,3.448,18/01/2017 10:15:00
19/01/2017 09:00:00,3.293,19/01/2017 12:00:00
20/01/2017 09:00:00,3.266,21/01/2017 00:45:00
21/01/2017 09:00:00,3.25,22/01/2017 04:30:00
22/01/2017 09:00:00,3.241,23/01/2017 03:00:00
23/01/2017 09:00:00,3.232,24/01/2017 04:45:00
24/01/2017 09:00:00,3.228,25/01/2017 05:00:00
25/01/2017 09:00:00,3.566,26/01/2017 05:45:00
26/01/2017 09:00:00,4.25,27/01/2017 06:00:00
27/01/2017 09:00:00,4.37,28/01/2017 06:30:00
28/01/2017 09:00:00,4.544,29/01/2017 07:00:00
29/01/2017 09:00:00,4.746,30/01/2017 08:00:00
30/01/2017 09:00:00,4.787,31/01/2017 08:00:00
31/01/2017 09:00:00,4.644,31/01/2017 09:00:00
01/02/2017 09:00:00,4.579,01/02/2017 09:15:00
02/02/2017 09:00:00,4.836,02/02/2017 09:45:00
03/02/2017 09:00:00,4.25,03/02/2017 10:15:00
04/02/2017 09:00:00,3.674,04/02/2017 11:45:00
05/02/2017 09:00:00,3.432,05/02/2017 13:45:00
06/02/2017 09:00:00,3.585,07/02/2017 02:30:00
07/02/2017 09:00:00,3.466,08/02/2017 02:45:00
08/02/2017 09:00:00,3.844,09/02/2017 05:00:00
09/02/2017 09:00:00,4.432,10/02/2017 05:45:00
10/02/2017 09:00:00,4.608,11/02/2017 06:15:00
11/02/2017 09:00:00,4.758,12/02/2017 07:00:00
12/02/2017 09:00:00,4.761,13/02/2017 07:30:00
13/02/2017 09:00:00,4.794,13/02/2017 20:00:00
14/02/2017 09:00:00,4.479,14/02/2017 20:45:00
15/02/2017 09:00:00,4.379,15/02/2017 09:00:00
16/02/2017 09:00:00,3.787,16/02/2017 09:45:00
17/02/2017 09:00:00,3.263,17/02/2017 11:15:00
18/02/2017 09:00:00,3.204,19/02/2017 07:00:00
19/02/2017 09:00:00,3.25,20/02/2017 07:00:00
20/02/2017 09:00:00,3.285,21/02/2017 08:30:00
21/02/2017 09:00:00,3.417,21/02/2017 21:00:00
22/02/2017 09:00:00,3.788,23/02/2017 08:45:00
23/02/2017 09:00:00,3.901,23/02/2017 10:30:00
24/02/2017 09:00:00,4.157,25/02/2017 05:30:00
25/02/2017 09:00:00,4.816,25/02/2017 23:00:00
26/02/2017 09:00:00,5.056,27/02/2017 07:00:00
27/02/2017 09:00:00,5.109,28/02/2017 07:45:00
28/02/2017 09:00:00,5.192,01/03/2017 08:15:00
01/03/2017 09:00:00,5.051,01/03/2017 20:30:00
02/03/2017 09:00:00,4.977,02/03/2017 09:00:00
03/03/2017 09:00:00,4.818,03/03/2017 09:30:00
04/03/2017 09:00:00,4.352,04/03/2017 10:00:00
05/03/2017 09:00:00,3.769,05/03/2017 11:00:00
06/03/2017 09:00:00,3.527,06/03/2017 09:30:00
07/03/2017 09:00:00,3.739,08/03/2017 08:30:00
08/03/2017 09:00:00,3.806,08/03/2017 12:45:00
09/03/2017 09:00:00,3.83,10/03/2017 04:45:00
10/03/2017 09:00:00,4.304,11/03/2017 05:15:00
11/03/2017 09:00:00,4.558,12/03/2017 06:00:00
12/03/2017 09:00:00,4.559,13/03/2017 06:45:00
13/03/2017 09:00:00,4.658,14/03/2017 07:15:00
14/03/2017 09:00:00,4.587,14/03/2017 19:30:00
15/03/2017 09:00:00,4.374,15/03/2017 20:15:00
16/03/2017 09:00:00,4.097,16/03/2017 09:00:00
17/03/2017 09:00:00,3.963,17/03/2017 09:15:00
18/03/2017 09:00:00,3.748,18/03/2017 09:15:00
19/03/2017 09:00:00,3.849,20/03/2017 08:45:00
20/03/2017 09:00:00,4.391,20/03/2017 14:15:00
21/03/2017 09:00:00,4.362,22/03/2017 04:30:00
22/03/2017 09:00:00,3.904,22/03/2017 09:00:00
23/03/2017 09:00:00,3.502,23/03/2017 09:15:00
24/03/2017 09:00:00,3.434,24/03/2017 09:00:00
25/03/2017 09:00:00,3.754,26/03/2017 05:15:00
26/03/2017 09:00:00,4.479,27/03/2017 05:30:00
27/03/2017 09:00:00,4.949,28/03/2017 06:00:00
28/03/2017 09:00:00,5.223,29/03/2017 07:15:00
29/03/2017 09:00:00,5.379,30/03/2017 07:45:00
30/03/2017 09:00:00,5.202,31/03/2017 08:30:00
31/03/2017 09:00:00,5.032,31/03/2017 09:00:00
01/04/2017 09:00:00,4.831,01/04/2017 09:15:00
02/04/2017 09:00:00,3.997,02/04/2017 09:45:00
03/04/2017 09:00:00,3.673,04/04/2017 06:15:00
04/04/2017 09:00:00,3.608,04/04/2017 09:15:00
05/04/2017 09:00:00,3.436,05/04/2017 09:15:00
06/04/2017 09:00:00,3.378,06/04/2017 15:45:00
07/04/2017 09:00:00,3.508,08/04/2017 04:30:00
08/04/2017 09:00:00,4.038,09/04/2017 05:15:00
09/04/2017 09:00:00,4.152,10/04/2017 05:45:00
10/04/2017 09:00:00,4.349,11/04/2017 06:30:00
11/04/2017 09:00:00,4.43,11/04/2017 18:45:00
12/04/2017 09:00:00,4.455,12/04/2017 19:15:00
13/04/2017 09:00:00,4.402,13/04/2017 19:45:00
14/04/2017 09:00:00,4.192,14/04/2017 20:15:00
15/04/2017 09:00:00,3.787,15/04/2017 21:00:00
16/04/2017 09:00:00,3.512,16/04/2017 09:00:00
17/04/2017 09:00:00,3.225,17/04/2017 10:30:00
18/04/2017 09:00:00,3.197,19/04/2017 04:15:00
19/04/2017 09:00:00,3.187,20/04/2017 03:15:00
20/04/2017 09:00:00,3.184,21/04/2017 03:30:00
21/04/2017 09:00:00,3.181,22/04/2017 04:30:00
22/04/2017 09:00:00,3.188,23/04/2017 05:00:00
23/04/2017 09:00:00,3.863,24/04/2017 04:45:00
24/04/2017 09:00:00,4.516,25/04/2017 05:15:00
25/04/2017 09:00:00,4.887,26/04/2017 05:45:00
26/04/2017 09:00:00,5.117,27/04/2017 06:15:00
27/04/2017 09:00:00,5.188,28/04/2017 07:00:00
28/04/2017 09:00:00,5.147,29/04/2017 08:15:00
29/04/2017 09:00:00,4.977,29/04/2017 20:15:00
30/04/2017 09:00:00,4.788,30/04/2017 09:00:00
01/05/2017 09:00:00,3.997,01/05/2017 10:00:00
02/05/2017 09:00:00,3.337,02/05/2017 11:15:00
03/05/2017 09:00:00,3.163,04/05/2017 03:30:00
04/05/2017 09:00:00,3.156,05/05/2017 05:00:00
05/05/2017 09:00:00,3.162,05/05/2017 17:15:00
06/05/2017 09:00:00,3.27,07/05/2017 04:15:00
07/05/2017 09:00:00,3.598,08/05/2017 05:00:00
08/05/2017 09:00:00,3.9,09/05/2017 05:30:00
09/05/2017 09:00:00,4.173,10/05/2017 06:00:00
10/05/2017 09:00:00,4.504,10/05/2017 18:15:00
11/05/2017 09:00:00,4.595,11/05/2017 18:45:00
12/05/2017 09:00:00,4.584,12/05/2017 19:15:00
13/05/2017 09:00:00,4.299,13/05/2017 19:45:00
14/05/2017 09:00:00,3.881,14/05/2017 20:30:00
15/05/2017 09:00:00,4.269,15/05/2017 23:00:00
16/05/2017 09:00:00,4.555,16/05/2017 12:15:00
17/05/2017 09:00:00,3.563,17/05/2017 09:00:00
18/05/2017 09:00:00,3.398,18/05/2017 09:00:00
19/05/2017 09:00:00,3.386,19/05/2017 22:15:00
20/05/2017 09:00:00,3.365,20/05/2017 22:15:00
21/05/2017 09:00:00,3.31,21/05/2017 09:30:00
22/05/2017 09:00:00,3.796,23/05/2017 04:00:00
23/05/2017 09:00:00,4.318,24/05/2017 04:45:00
24/05/2017 09:00:00,4.673,25/05/2017 05:15:00
25/05/2017 09:00:00,5,26/05/2017 06:00:00
26/05/2017 09:00:00,5.13,27/05/2017 06:45:00
27/05/2017 09:00:00,5.061,27/05/2017 19:00:00
28/05/2017 09:00:00,4.913,28/05/2017 20:00:00
29/05/2017 09:00:00,4.603,29/05/2017 09:00:00
30/05/2017 09:00:00,4.159,30/05/2017 09:15:00
31/05/2017 09:00:00,3.607,31/05/2017 10:15:00
01/06/2017 09:00:00,3.182,01/06/2017 12:30:00
02/06/2017 09:00:00,3.173,03/06/2017 03:15:00
03/06/2017 09:00:00,3.202,04/06/2017 07:15:00
04/06/2017 09:00:00,3.332,05/06/2017 08:45:00
05/06/2017 09:00:00,4.79,06/06/2017 04:30:00
06/06/2017 09:00:00,4.114,06/06/2017 09:00:00
07/06/2017 09:00:00,4.515,08/06/2017 03:00:00
08/06/2017 09:00:00,4.617,08/06/2017 13:00:00
09/06/2017 09:00:00,4.083,09/06/2017 18:15:00
10/06/2017 09:00:00,4.441,10/06/2017 19:30:00
11/06/2017 09:00:00,4.115,11/06/2017 19:15:00
12/06/2017 09:00:00,3.913,12/06/2017 20:00:00
13/06/2017 09:00:00,3.797,13/06/2017 20:30:00
14/06/2017 09:00:00,3.631,14/06/2017 21:30:00
15/06/2017 09:00:00,3.341,15/06/2017 09:45:00
16/06/2017 09:00:00,3.28,16/06/2017 11:15:00
17/06/2017 09:00:00,3.238,18/06/2017 05:15:00
18/06/2017 09:00:00,3.228,19/06/2017 03:15:00
19/06/2017 09:00:00,3.226,20/06/2017 04:15:00
20/06/2017 09:00:00,3.668,21/06/2017 03:30:00
21/06/2017 09:00:00,4.235,22/06/2017 04:15:00
22/06/2017 09:00:00,4.635,23/06/2017 05:00:00
23/06/2017 09:00:00,4.79,24/06/2017 05:45:00
24/06/2017 09:00:00,5.009,25/06/2017 07:00:00
25/06/2017 09:00:00,5.061,25/06/2017 19:30:00
26/06/2017 09:00:00,5.002,26/06/2017 20:15:00
27/06/2017 09:00:00,4.834,27/06/2017 20:30:00
28/06/2017 09:00:00,4.501,28/06/2017 09:15:00
29/06/2017 09:00:00,3.903,29/06/2017 10:15:00
30/06/2017 09:00:00,3.313,30/06/2017 15:00:00
01/07/2017 09:00:00,3.16,02/07/2017 04:30:00
02/07/2017 09:00:00,3.161,03/07/2017 06:00:00
03/07/2017 09:00:00,3.223,04/07/2017 03:30:00
04/07/2017 09:00:00,3.223,05/07/2017 04:15:00
05/07/2017 09:00:00,3.182,06/07/2017 05:15:00
06/07/2017 09:00:00,3.438,06/07/2017 16:45:00
07/07/2017 09:00:00,3.742,07/07/2017 17:15:00
08/07/2017 09:00:00,3.895,08/07/2017 18:15:00
09/07/2017 09:00:00,4.131,09/07/2017 18:45:00
10/07/2017 09:00:00,4.245,10/07/2017 19:15:00
11/07/2017 09:00:00,4.406,11/07/2017 19:45:00
12/07/2017 09:00:00,4.178,12/07/2017 20:30:00
13/07/2017 09:00:00,3.938,13/07/2017 20:45:00
14/07/2017 09:00:00,3.707,14/07/2017 22:15:00
15/07/2017 09:00:00,3.345,15/07/2017 10:30:00
16/07/2017 09:00:00,3.357,17/07/2017 00:15:00
17/07/2017 09:00:00,3.253,17/07/2017 09:00:00
18/07/2017 09:00:00,3.208,19/07/2017 08:00:00
19/07/2017 09:00:00,3.335,20/07/2017 03:00:00
20/07/2017 09:00:00,4.084,21/07/2017 04:00:00
21/07/2017 09:00:00,4.406,21/07/2017 16:30:00
22/07/2017 09:00:00,4.544,23/07/2017 05:45:00
23/07/2017 09:00:00,4.816,23/07/2017 18:15:00
24/07/2017 09:00:00,4.926,24/07/2017 19:00:00
25/07/2017 09:00:00,4.993,25/07/2017 19:45:00
26/07/2017 09:00:00,4.877,26/07/2017 20:30:00
27/07/2017 09:00:00,4.592,27/07/2017 21:15:00
28/07/2017 09:00:00,4.566,28/07/2017 22:15:00
29/07/2017 09:00:00,3.706,29/07/2017 10:30:00
30/07/2017 09:00:00,3.524,31/07/2017 04:15:00
31/07/2017 09:00:00,3.565,31/07/2017 17:15:00
01/08/2017 09:00:00,3.601,01/08/2017 18:15:00
02/08/2017 09:00:00,3.675,02/08/2017 17:00:00
03/08/2017 09:00:00,3.746,03/08/2017 16:00:00
04/08/2017 09:00:00,3.613,04/08/2017 09:00:00
05/08/2017 09:00:00,3.543,05/08/2017 17:00:00
06/08/2017 09:00:00,3.925,06/08/2017 17:45:00
07/08/2017 09:00:00,4.128,07/08/2017 18:30:00
08/08/2017 09:00:00,4.311,08/08/2017 19:00:00
09/08/2017 09:00:00,4.344,09/08/2017 19:45:00
10/08/2017 09:00:00,4.398,10/08/2017 20:15:00
11/08/2017 09:00:00,4.47,11/08/2017 20:30:00
12/08/2017 09:00:00,4.241,12/08/2017 21:15:00
13/08/2017 09:00:00,3.905,13/08/2017 22:15:00
14/08/2017 09:00:00,3.568,14/08/2017 10:15:00
15/08/2017 09:00:00,3.446,15/08/2017 11:30:00
16/08/2017 09:00:00,4.02,17/08/2017 07:15:00
17/08/2017 09:00:00,3.936,17/08/2017 09:00:00
18/08/2017 09:00:00,3.577,19/08/2017 04:45:00
19/08/2017 09:00:00,3.988,20/08/2017 05:00:00
20/08/2017 09:00:00,4.49,20/08/2017 17:00:00
21/08/2017 09:00:00,4.761,21/08/2017 18:15:00
22/08/2017 09:00:00,5.046,22/08/2017 18:45:00
23/08/2017 09:00:00,4.968,23/08/2017 19:15:00
24/08/2017 09:00:00,4.855,24/08/2017 19:45:00
25/08/2017 09:00:00,4.565,25/08/2017 20:30:00
26/08/2017 09:00:00,4.288,26/08/2017 09:00:00
27/08/2017 09:00:00,3.802,27/08/2017 09:45:00
28/08/2017 09:00:00,3.21,28/08/2017 11:15:00
29/08/2017 09:00:00,3.2,30/08/2017 04:45:00
30/08/2017 09:00:00,3.202,31/08/2017 04:30:00
31/08/2017 09:00:00,3.176,01/09/2017 05:15:00
01/09/2017 09:00:00,3.168,02/09/2017 05:30:00
02/09/2017 09:00:00,3.227,03/09/2017 08:45:00
03/09/2017 09:00:00,3.508,04/09/2017 05:15:00
04/09/2017 09:00:00,4.05,05/09/2017 05:45:00
05/09/2017 09:00:00,4.302,05/09/2017 18:00:00
06/09/2017 09:00:00,4.667,06/09/2017 18:15:00
07/09/2017 09:00:00,4.934,07/09/2017 18:45:00
08/09/2017 09:00:00,5.066,08/09/2017 19:45:00
09/09/2017 09:00:00,4.804,09/09/2017 20:00:00
10/09/2017 09:00:00,4.746,10/09/2017 21:15:00
11/09/2017 09:00:00,4.195,11/09/2017 09:00:00
12/09/2017 09:00:00,4.13,12/09/2017 23:00:00
13/09/2017 09:00:00,3.697,13/09/2017 09:00:00
14/09/2017 09:00:00,3.977,15/09/2017 08:45:00
15/09/2017 09:00:00,3.984,15/09/2017 09:00:00
16/09/2017 09:00:00,3.547,17/09/2017 06:00:00
17/09/2017 09:00:00,3.946,18/09/2017 04:45:00
18/09/2017 09:00:00,4.385,19/09/2017 05:15:00
19/09/2017 09:00:00,4.723,20/09/2017 06:00:00
20/09/2017 09:00:00,4.93,20/09/2017 18:45:00
21/09/2017 09:00:00,4.902,21/09/2017 19:15:00
22/09/2017 09:00:00,4.813,22/09/2017 20:00:00
23/09/2017 09:00:00,4.521,23/09/2017 20:30:00
24/09/2017 09:00:00,4.169,24/09/2017 09:00:00
25/09/2017 09:00:00,3.761,25/09/2017 09:00:00
26/09/2017 09:00:00,3.374,26/09/2017 10:00:00
27/09/2017 09:00:00,3.646,28/09/2017 04:15:00
28/09/2017 09:00:00,3.526,28/09/2017 09:15:00
29/09/2017 09:00:00,3.521,29/09/2017 14:00:00
30/09/2017 09:00:00,3.924,30/09/2017 21:45:00
01/10/2017 09:00:00,3.854,01/10/2017 18:00:00
02/10/2017 09:00:00,3.58,02/10/2017 11:30:00
03/10/2017 09:00:00,3.904,04/10/2017 05:15:00
04/10/2017 09:00:00,4.51,05/10/2017 05:30:00
05/10/2017 09:00:00,4.659,05/10/2017 17:45:00
06/10/2017 09:00:00,5.001,06/10/2017 18:15:00
07/10/2017 09:00:00,4.987,07/10/2017 19:30:00
08/10/2017 09:00:00,4.969,08/10/2017 20:00:00
09/10/2017 09:00:00,4.654,09/10/2017 20:30:00
10/10/2017 09:00:00,4.471,10/10/2017 09:00:00
11/10/2017 09:00:00,4.138,11/10/2017 18:45:00
12/10/2017 09:00:00,3.495,12/10/2017 09:00:00
13/10/2017 09:00:00,3.781,14/10/2017 00:45:00
14/10/2017 09:00:00,3.605,14/10/2017 09:00:00
15/10/2017 09:00:00,3.472,16/10/2017 03:45:00
16/10/2017 09:00:00,4.417,16/10/2017 15:15:00
17/10/2017 09:00:00,4.277,18/10/2017 05:15:00
18/10/2017 09:00:00,4.744,19/10/2017 05:30:00
19/10/2017 09:00:00,4.975,19/10/2017 18:00:00
20/10/2017 09:00:00,5.364,21/10/2017 07:00:00
21/10/2017 09:00:00,4.682,21/10/2017 19:15:00
22/10/2017 09:00:00,4.405,23/10/2017 07:45:00
23/10/2017 09:00:00,4.095,23/10/2017 20:15:00
24/10/2017 09:00:00,4.471,24/10/2017 17:15:00
25/10/2017 09:00:00,3.863,25/10/2017 09:00:00
26/10/2017 09:00:00,3.519,26/10/2017 09:30:00
27/10/2017 09:00:00,3.452,27/10/2017 09:00:00
28/10/2017 09:00:00,3.403,28/10/2017 14:00:00
29/10/2017 09:00:00,3.375,29/10/2017 09:00:00
30/10/2017 09:00:00,3.339,30/10/2017 09:00:00
31/10/2017 09:00:00,3.33,01/11/2017 04:00:00
01/11/2017 09:00:00,3.948,02/11/2017 04:45:00
02/11/2017 09:00:00,4.512,03/11/2017 05:00:00
03/11/2017 09:00:00,4.876,03/11/2017 17:45:00
04/11/2017 09:00:00,5.159,04/11/2017 18:30:00
05/11/2017 09:00:00,5.048,05/11/2017 18:45:00
06/11/2017 09:00:00,5.136,06/11/2017 20:00:00
07/11/2017 09:00:00,4.649,07/11/2017 20:30:00
08/11/2017 09:00:00,4.375,08/11/2017 09:00:00
09/11/2017 09:00:00,3.952,09/11/2017 09:45:00
10/11/2017 09:00:00,3.801,11/11/2017 08:45:00
11/11/2017 09:00:00,3.805,11/11/2017 09:00:00
12/11/2017 09:00:00,3.515,12/11/2017 18:45:00
13/11/2017 09:00:00,3.381,13/11/2017 15:30:00
14/11/2017 09:00:00,3.559,15/11/2017 04:15:00
15/11/2017 09:00:00,3.977,16/11/2017 04:45:00
16/11/2017 09:00:00,4.073,17/11/2017 05:30:00
17/11/2017 09:00:00,4.296,18/11/2017 06:00:00
18/11/2017 09:00:00,4.357,19/11/2017 06:15:00
19/11/2017 09:00:00,4.411,20/11/2017 07:00:00
20/11/2017 09:00:00,4.252,21/11/2017 07:30:00
21/11/2017 09:00:00,4.36,22/11/2017 08:15:00
22/11/2017 09:00:00,4.888,23/11/2017 04:00:00
23/11/2017 09:00:00,4.185,23/11/2017 09:00:00
24/11/2017 09:00:00,3.566,24/11/2017 09:15:00
25/11/2017 09:00:00,3.467,25/11/2017 09:15:00
26/11/2017 09:00:00,4.332,27/11/2017 08:00:00
27/11/2017 09:00:00,4.258,27/11/2017 09:00:00
28/11/2017 09:00:00,3.62,28/11/2017 09:45:00
29/11/2017 09:00:00,3.439,29/11/2017 09:15:00
30/11/2017 09:00:00,3.43,30/11/2017 15:45:00
01/12/2017 09:00:00,4.059,02/12/2017 04:45:00
02/12/2017 09:00:00,4.501,03/12/2017 05:15:00
03/12/2017 09:00:00,4.81,04/12/2017 06:00:00
04/12/2017 09:00:00,4.89,04/12/2017 18:30:00
05/12/2017 09:00:00,4.904,06/12/2017 07:30:00
06/12/2017 09:00:00,5.108,07/12/2017 08:45:00
07/12/2017 09:00:00,5.078,07/12/2017 09:00:00
08/12/2017 09:00:00,4.045,08/12/2017 09:30:00
09/12/2017 09:00:00,3.804,10/12/2017 08:45:00
10/12/2017 09:00:00,3.907,10/12/2017 10:15:00
11/12/2017 09:00:00,3.486,11/12/2017 11:00:00
12/12/2017 09:00:00,3.884,13/12/2017 03:15:00
13/12/2017 09:00:00,4.122,13/12/2017 17:15:00
14/12/2017 09:00:00,3.584,14/12/2017 09:00:00
15/12/2017 09:00:00,3.637,16/12/2017 05:00:00
16/12/2017 09:00:00,3.919,17/12/2017 05:30:00
17/12/2017 09:00:00,3.96,17/12/2017 18:00:00
18/12/2017 09:00:00,3.928,18/12/2017 18:30:00
19/12/2017 09:00:00,3.982,20/12/2017 07:15:00
20/12/2017 09:00:00,3.826,21/12/2017 07:45:00
21/12/2017 09:00:00,3.639,21/12/2017 09:00:00
22/12/2017 09:00:00,3.639,22/12/2017 10:45:00
23/12/2017 09:00:00,3.447,24/12/2017 08:15:00
24/12/2017 09:00:00,3.866,25/12/2017 08:45:00
25/12/2017 09:00:00,3.948,25/12/2017 11:15:00
26/12/2017 09:00:00,3.961,26/12/2017 23:15:00
27/12/2017 09:00:00,3.688,27/12/2017 09:00:00
28/12/2017 09:00:00,3.737,29/12/2017 08:45:00
29/12/2017 09:00:00,4.083,30/12/2017 07:15:00
30/12/2017 09:00:00,4.49,31/12/2017 04:45:00
31/12/2017 09:00:00,4.758,31/12/2017 16:45:00
01/01/2018 09:00:00,4.921,02/01/2018 06:15:00
02/01/2018 09:00:00,5.408,02/01/2018 18:30:00
03/01/2018 09:00:00,5.571,04/01/2018 07:30:00
04/01/2018 09:00:00,5.206,04/01/2018 20:15:00
05/01/2018 09:00:00,5.038,05/01/2018 09:00:00
06/01/2018 09:00:00,4.729,06/01/2018 09:30:00
07/01/2018 09:00:00,3.883,07/01/2018 10:00:00
08/01/2018 09:00:00,3.632,08/01/2018 11:00:00
09/01/2018 09:00:00,3.44,10/01/2018 08:15:00
10/01/2018 09:00:00,3.45,10/01/2018 10:45:00
11/01/2018 09:00:00,3.342,12/01/2018 04:15:00
12/01/2018 09:00:00,3.326,12/01/2018 16:45:00
13/01/2018 09:00:00,3.33,14/01/2018 05:00:00
14/01/2018 09:00:00,4.139,15/01/2018 08:45:00
15/01/2018 09:00:00,4.587,15/01/2018 13:00:00
16/01/2018 09:00:00,4.096,16/01/2018 18:30:00
17/01/2018 09:00:00,4.293,18/01/2018 07:15:00
18/01/2018 09:00:00,4.337,19/01/2018 07:30:00
19/01/2018 09:00:00,4.334,20/01/2018 08:00:00
20/01/2018 09:00:00,4.271,21/01/2018 08:45:00
21/01/2018 09:00:00,4.911,21/01/2018 19:30:00
22/01/2018 09:00:00,3.87,22/01/2018 09:30:00
23/01/2018 09:00:00,4.221,23/01/2018 18:15:00
24/01/2018 09:00:00,4.231,24/01/2018 13:00:00
25/01/2018 09:00:00,3.757,25/01/2018 21:00:00
26/01/2018 09:00:00,3.595,26/01/2018 09:00:00
27/01/2018 09:00:00,3.936,27/01/2018 16:15:00
28/01/2018 09:00:00,3.612,29/01/2018 04:00:00
29/01/2018 09:00:00,4.088,30/01/2018 04:45:00
30/01/2018 09:00:00,4.849,31/01/2018 06:00:00
31/01/2018 09:00:00,4.91,01/02/2018 07:00:00
01/02/2018 09:00:00,5.115,02/02/2018 07:45:00
02/02/2018 09:00:00,5.034,03/02/2018 08:30:00
03/02/2018 09:00:00,4.692,03/02/2018 09:00:00
04/02/2018 09:00:00,4.59,04/02/2018 09:15:00
05/02/2018 09:00:00,4.299,05/02/2018 09:30:00
06/02/2018 09:00:00,3.658,06/02/2018 10:30:00
07/02/2018 09:00:00,3.323,07/02/2018 12:45:00
08/02/2018 09:00:00,4.686,09/02/2018 01:15:00
09/02/2018 09:00:00,3.828,09/02/2018 09:00:00
10/02/2018 09:00:00,4.317,10/02/2018 16:00:00
11/02/2018 09:00:00,3.728,11/02/2018 09:00:00
12/02/2018 09:00:00,3.684,13/02/2018 05:15:00
13/02/2018 09:00:00,3.962,13/02/2018 11:45:00
14/02/2018 09:00:00,4.191,15/02/2018 06:15:00
15/02/2018 09:00:00,4.399,16/02/2018 07:00:00
16/02/2018 09:00:00,4.508,17/02/2018 07:00:00
17/02/2018 09:00:00,4.502,18/02/2018 07:45:00
18/02/2018 09:00:00,4.451,19/02/2018 08:15:00
19/02/2018 09:00:00,4.265,19/02/2018 09:00:00
20/02/2018 09:00:00,4.204,20/02/2018 09:00:00
21/02/2018 09:00:00,3.942,21/02/2018 09:45:00
22/02/2018 09:00:00,3.529,22/02/2018 10:30:00
23/02/2018 09:00:00,3.306,23/02/2018 13:30:00
24/02/2018 09:00:00,3.277,24/02/2018 09:00:00
25/02/2018 09:00:00,3.265,25/02/2018 12:15:00
26/02/2018 09:00:00,3.254,27/02/2018 04:30:00
27/02/2018 09:00:00,3.912,28/02/2018 05:00:00
28/02/2018 09:00:00,4.431,01/03/2018 05:45:00
01/03/2018 09:00:00,4.904,02/03/2018 06:15:00
02/03/2018 09:00:00,5.316,03/03/2018 07:30:00
03/03/2018 09:00:00,5.537,04/03/2018 08:00:00
04/03/2018 09:00:00,5.291,04/03/2018 20:15:00
05/03/2018 09:00:00,5.045,05/03/2018 09:00:00
06/03/2018 09:00:00,4.827,06/03/2018 09:15:00
07/03/2018 09:00:00,4.207,07/03/2018 09:30:00
08/03/2018 09:00:00,3.593,08/03/2018 10:30:00
09/03/2018 09:00:00,4.644,10/03/2018 08:00:00
10/03/2018 09:00:00,4.59,10/03/2018 09:00:00
11/03/2018 09:00:00,3.675,12/03/2018 08:45:00
12/03/2018 09:00:00,3.74,12/03/2018 11:45:00
13/03/2018 09:00:00,3.482,13/03/2018 09:00:00
14/03/2018 09:00:00,4.049,15/03/2018 05:00:00
15/03/2018 09:00:00,4.313,16/03/2018 05:45:00
16/03/2018 09:00:00,4.443,17/03/2018 06:30:00
17/03/2018 09:00:00,4.54,18/03/2018 06:45:00
18/03/2018 09:00:00,4.61,19/03/2018 07:15:00
19/03/2018 09:00:00,4.67,20/03/2018 07:45:00
20/03/2018 09:00:00,4.502,21/03/2018 08:30:00
21/03/2018 09:00:00,4.344,21/03/2018 09:00:00
22/03/2018 09:00:00,4.233,22/03/2018 09:15:00
23/03/2018 09:00:00,3.887,23/03/2018 10:00:00
24/03/2018 09:00:00,3.438,24/03/2018 11:00:00
25/03/2018 09:00:00,3.339,25/03/2018 12:30:00
26/03/2018 09:00:00,3.437,27/03/2018 08:45:00
27/03/2018 09:00:00,3.511,27/03/2018 12:45:00
28/03/2018 09:00:00,4.143,29/03/2018 04:30:00
29/03/2018 09:00:00,4.665,30/03/2018 05:30:00
30/03/2018 09:00:00,4.973,31/03/2018 06:15:00
31/03/2018 09:00:00,5.056,01/04/2018 07:00:00
01/04/2018 09:00:00,5.366,02/04/2018 07:30:00
02/04/2018 09:00:00,5.11,02/04/2018 19:45:00
03/04/2018 09:00:00,4.86,03/04/2018 20:30:00
04/04/2018 09:00:00,4.588,04/04/2018 09:00:00
05/04/2018 09:00:00,3.943,05/04/2018 21:15:00
06/04/2018 09:00:00,3.69,06/04/2018 09:45:00
07/04/2018 09:00:00,3.568,07/04/2018 15:30:00
08/04/2018 09:00:00,3.41,08/04/2018 11:45:00
09/04/2018 09:00:00,3.484,10/04/2018 07:00:00
10/04/2018 09:00:00,3.484,10/04/2018 09:15:00
11/04/2018 09:00:00,3.37,11/04/2018 11:30:00
12/04/2018 09:00:00,3.66,13/04/2018 04:30:00
13/04/2018 09:00:00,4.055,14/04/2018 05:15:00
14/04/2018 09:00:00,4.58,15/04/2018 05:30:00
15/04/2018 09:00:00,4.802,16/04/2018 06:45:00
16/04/2018 09:00:00,5.201,17/04/2018 07:15:00
17/04/2018 09:00:00,4.894,17/04/2018 19:30:00
18/04/2018 09:00:00,4.714,18/04/2018 19:45:00
19/04/2018 09:00:00,4.406,19/04/2018 20:30:00
20/04/2018 09:00:00,4.254,20/04/2018 09:00:00
21/04/2018 09:00:00,3.773,21/04/2018 10:00:00
22/04/2018 09:00:00,3.291,22/04/2018 11:45:00
23/04/2018 09:00:00,3.297,24/04/2018 07:45:00
24/04/2018 09:00:00,4.412,24/04/2018 20:30:00
25/04/2018 09:00:00,3.545,25/04/2018 09:00:00
26/04/2018 09:00:00,3.911,27/04/2018 04:15:00
27/04/2018 09:00:00,4.212,28/04/2018 05:00:00
28/04/2018 09:00:00,4.47,29/04/2018 05:30:00
29/04/2018 09:00:00,4.564,30/04/2018 06:15:00
30/04/2018 09:00:00,4.674,30/04/2018 18:30:00
01/05/2018 09:00:00,5.101,02/05/2018 08:00:00
02/05/2018 09:00:00,4.989,02/05/2018 09:00:00
03/05/2018 09:00:00,3.997,03/05/2018 20:30:00
04/05/2018 09:00:00,3.597,04/05/2018 09:00:00
05/05/2018 09:00:00,3.367,05/05/2018 10:00:00
06/05/2018 09:00:00,3.309,06/05/2018 11:00:00
07/05/2018 09:00:00,3.276,08/05/2018 02:00:00
08/05/2018 09:00:00,3.266,09/05/2018 02:30:00
09/05/2018 09:00:00,3.263,10/05/2018 04:00:00
10/05/2018 09:00:00,3.251,11/05/2018 03:45:00
11/05/2018 09:00:00,3.279,12/05/2018 04:15:00
12/05/2018 09:00:00,3.793,13/05/2018 04:45:00
13/05/2018 09:00:00,4.291,14/05/2018 05:15:00
14/05/2018 09:00:00,4.618,15/05/2018 05:45:00
15/05/2018 09:00:00,4.659,16/05/2018 06:30:00
16/05/2018 09:00:00,4.824,17/05/2018 07:15:00
17/05/2018 09:00:00,4.793,17/05/2018 19:30:00
18/05/2018 09:00:00,4.523,18/05/2018 20:30:00
19/05/2018 09:00:00,4.261,19/05/2018 21:15:00
20/05/2018 09:00:00,3.967,20/05/2018 09:45:00
21/05/2018 09:00:00,3.283,21/05/2018 11:15:00
22/05/2018 09:00:00,3.133,23/05/2018 05:45:00
23/05/2018 09:00:00,3.136,24/05/2018 05:30:00
24/05/2018 09:00:00,3.191,25/05/2018 03:00:00
25/05/2018 09:00:00,3.455,26/05/2018 04:15:00
26/05/2018 09:00:00,3.921,27/05/2018 05:00:00
27/05/2018 09:00:00,4.16,27/05/2018 17:15:00
28/05/2018 09:00:00,4.187,28/05/2018 17:45:00
29/05/2018 09:00:00,4.374,29/05/2018 18:15:00
30/05/2018 09:00:00,4.402,30/05/2018 19:00:00
31/05/2018 09:00:00,4.341,31/05/2018 19:30:00
01/06/2018 09:00:00,4.078,01/06/2018 20:15:00
02/06/2018 09:00:00,3.743,02/06/2018 20:30:00
03/06/2018 09:00:00,3.341,03/06/2018 09:30:00
04/06/2018 09:00:00,3.127,04/06/2018 12:45:00
05/06/2018 09:00:00,3.101,05/06/2018 09:00:00
06/06/2018 09:00:00,3.058,07/06/2018 01:15:00
07/06/2018 09:00:00,3.076,08/06/2018 06:45:00
08/06/2018 09:00:00,3.095,09/06/2018 06:15:00
09/06/2018 09:00:00,3.091,10/06/2018 05:45:00
10/06/2018 09:00:00,3.463,11/06/2018 04:30:00
11/06/2018 09:00:00,4.062,12/06/2018 05:00:00
12/06/2018 09:00:00,4.471,13/06/2018 05:30:00
13/06/2018 09:00:00,4.952,14/06/2018 06:00:00
14/06/2018 09:00:00,4.88,15/06/2018 07:00:00
15/06/2018 09:00:00,4.975,15/06/2018 19:15:00
16/06/2018 09:00:00,4.877,16/06/2018 20:00:00
17/06/2018 09:00:00,4.582,17/06/2018 21:00:00
18/06/2018 09:00:00,4.128,18/06/2018 22:00:00
19/06/2018 09:00:00,3.674,19/06/2018 10:30:00
20/06/2018 09:00:00,3.303,21/06/2018 01:00:00
21/06/2018 09:00:00,3.19,21/06/2018 13:15:00
22/06/2018 09:00:00,3.116,23/06/2018 05:45:00
23/06/2018 09:00:00,3.086,24/06/2018 05:45:00
24/06/2018 09:00:00,3.12,25/06/2018 04:45:00
25/06/2018 09:00:00,3.524,25/06/2018 16:30:00
26/06/2018 09:00:00,3.773,26/06/2018 17:15:00
27/06/2018 09:00:00,3.92,27/06/2018 18:00:00
28/06/2018 09:00:00,4.091,28/06/2018 18:45:00
29/06/2018 09:00:00,4.076,29/06/2018 19:15:00
30/06/2018 09:00:00,4.015,30/06/2018 20:00:00
01/07/2018 09:00:00,3.899,01/07/2018 20:45:00
02/07/2018 09:00:00,3.675,02/07/2018 21:30:00
03/07/2018 09:00:00,3.415,03/07/2018 09:15:00
04/07/2018 09:00:00,3.095,04/07/2018 11:00:00
05/07/2018 09:00:00,3.065,05/07/2018 12:45:00
06/07/2018 09:00:00,3.065,06/07/2018 10:30:00
07/07/2018 09:00:00,3.065,07/07/2018 11:30:00
08/07/2018 09:00:00,3.065,08/07/2018 09:00:00
09/07/2018 09:00:00,3.065,09/07/2018 09:45:00
10/07/2018 09:00:00,3.655,11/07/2018 04:45:00
11/07/2018 09:00:00,4.246,12/07/2018 05:15:00
12/07/2018 09:00:00,4.602,13/07/2018 06:00:00
13/07/2018 09:00:00,4.74,14/07/2018 06:45:00
14/07/2018 09:00:00,5.006,14/07/2018 19:00:00
15/07/2018 09:00:00,5.056,15/07/2018 19:45:00
16/07/2018 09:00:00,4.836,16/07/2018 20:45:00
17/07/2018 09:00:00,4.505,17/07/2018 21:45:00
18/07/2018 09:00:00,4.04,18/07/2018 10:30:00
19/07/2018 09:00:00,3.507,19/07/2018 11:15:00
20/07/2018 09:00:00,3.065,20/07/2018 11:00:00
21/07/2018 09:00:00,3.065,21/07/2018 09:30:00
22/07/2018 09:00:00,3.065,22/07/2018 10:15:00
23/07/2018 09:00:00,3.065,23/07/2018 19:00:00
24/07/2018 09:00:00,3.188,24/07/2018 16:00:00
25/07/2018 09:00:00,3.5,25/07/2018 16:45:00
26/07/2018 09:00:00,3.789,26/07/2018 18:15:00
27/07/2018 09:00:00,4.186,27/07/2018 18:30:00
28/07/2018 09:00:00,4.418,28/07/2018 18:45:00
29/07/2018 09:00:00,4.312,29/07/2018 19:30:00
30/07/2018 09:00:00,4.277,30/07/2018 20:00:00
31/07/2018 09:00:00,4.214,31/07/2018 20:30:00
01/08/2018 09:00:00,3.904,01/08/2018 21:15:00
02/08/2018 09:00:00,3.556,02/08/2018 09:15:00
03/08/2018 09:00:00,3.276,03/08/2018 10:30:00
04/08/2018 09:00:00,3.117,04/08/2018 12:15:00
05/08/2018 09:00:00,3.065,05/08/2018 09:15:00
06/08/2018 09:00:00,3.064,06/08/2018 09:00:00
07/08/2018 09:00:00,3.065,08/08/2018 08:00:00
08/08/2018 09:00:00,3.426,09/08/2018 04:30:00
09/08/2018 09:00:00,4.195,10/08/2018 05:00:00
10/08/2018 09:00:00,4.669,11/08/2018 05:45:00
11/08/2018 09:00:00,5.077,11/08/2018 18:30:00
12/08/2018 09:00:00,5.28,12/08/2018 19:15:00
13/08/2018 09:00:00,5.255,13/08/2018 20:00:00
14/08/2018 09:00:00,5.027,14/08/2018 20:15:00
15/08/2018 09:00:00,4.811,15/08/2018 21:00:00
16/08/2018 09:00:00,4.347,16/08/2018 09:45:00
17/08/2018 09:00:00,3.661,17/08/2018 10:30:00
18/08/2018 09:00:00,3.401,19/08/2018 08:45:00
19/08/2018 09:00:00,3.487,19/08/2018 16:45:00
20/08/2018 09:00:00,3.399,20/08/2018 23:45:00
21/08/2018 09:00:00,3.352,21/08/2018 15:30:00
22/08/2018 09:00:00,3.454,23/08/2018 08:45:00
23/08/2018 09:00:00,3.471,23/08/2018 10:00:00
24/08/2018 09:00:00,3.764,24/08/2018 17:30:00
25/08/2018 09:00:00,4.135,26/08/2018 06:15:00
26/08/2018 09:00:00,4.393,26/08/2018 18:45:00
27/08/2018 09:00:00,4.441,27/08/2018 18:45:00
28/08/2018 09:00:00,4.542,28/08/2018 19:30:00
29/08/2018 09:00:00,4.423,29/08/2018 20:00:00
30/08/2018 09:00:00,4.268,30/08/2018 20:45:00
31/08/2018 09:00:00,4.03,31/08/2018 21:30:00
01/09/2018 09:00:00,3.614,01/09/2018 10:00:00
02/09/2018 09:00:00,3.236,02/09/2018 10:30:00
03/09/2018 09:00:00,3.198,04/09/2018 03:15:00
04/09/2018 09:00:00,3.186,05/09/2018 05:15:00
05/09/2018 09:00:00,3.173,06/09/2018 05:45:00
06/09/2018 09:00:00,3.311,07/09/2018 04:15:00
07/09/2018 09:00:00,4.238,08/09/2018 05:00:00
08/09/2018 09:00:00,4.76,09/09/2018 05:30:00
09/09/2018 09:00:00,5.028,09/09/2018 17:45:00
10/09/2018 09:00:00,5.381,10/09/2018 19:00:00
11/09/2018 09:00:00,5.293,11/09/2018 19:30:00
12/09/2018 09:00:00,5.041,12/09/2018 19:45:00
13/09/2018 09:00:00,4.663,13/09/2018 20:30:00
14/09/2018 09:00:00,4.388,14/09/2018 09:00:00
15/09/2018 09:00:00,3.683,15/09/2018 09:45:00
16/09/2018 09:00:00,3.743,16/09/2018 21:30:00
17/09/2018 09:00:00,3.543,17/09/2018 09:30:00
18/09/2018 09:00:00,3.93,19/09/2018 02:45:00
19/09/2018 09:00:00,3.803,20/09/2018 08:45:00
20/09/2018 09:00:00,5.496,21/09/2018 02:00:00
21/09/2018 09:00:00,4.126,21/09/2018 09:00:00
22/09/2018 09:00:00,3.649,22/09/2018 17:00:00
23/09/2018 09:00:00,3.909,23/09/2018 17:45:00
24/09/2018 09:00:00,4.174,25/09/2018 06:15:00
25/09/2018 09:00:00,4.516,25/09/2018 18:30:00
26/09/2018 09:00:00,4.558,26/09/2018 19:15:00
27/09/2018 09:00:00,4.552,27/09/2018 19:30:00
28/09/2018 09:00:00,4.427,28/09/2018 20:15:00
29/09/2018 09:00:00,4.158,29/09/2018 21:00:00
30/09/2018 09:00:00,3.892,30/09/2018 09:15:00
01/10/2018 09:00:00,3.344,01/10/2018 10:00:00
02/10/2018 09:00:00,3.244,02/10/2018 15:15:00
03/10/2018 09:00:00,3.231,04/10/2018 03:15:00
04/10/2018 09:00:00,3.226,05/10/2018 04:30:00
05/10/2018 09:00:00,3.435,06/10/2018 04:00:00
06/10/2018 09:00:00,4.113,07/10/2018 04:45:00
07/10/2018 09:00:00,4.656,08/10/2018 05:15:00
08/10/2018 09:00:00,5.061,09/10/2018 05:45:00
09/10/2018 09:00:00,5.141,09/10/2018 18:45:00
10/10/2018 09:00:00,5.357,10/10/2018 19:15:00
11/10/2018 09:00:00,5.147,11/10/2018 20:00:00
12/10/2018 09:00:00,5.692,13/10/2018 06:00:00
13/10/2018 09:00:00,5.659,13/10/2018 09:00:00
14/10/2018 09:00:00,3.898,14/10/2018 09:15:00
15/10/2018 09:00:00,3.572,15/10/2018 09:00:00
16/10/2018 09:00:00,3.484,16/10/2018 09:15:00
17/10/2018 09:00:00,3.458,17/10/2018 10:45:00
18/10/2018 09:00:00,3.39,18/10/2018 14:00:00
19/10/2018 09:00:00,3.349,19/10/2018 21:15:00
20/10/2018 09:00:00,3.319,20/10/2018 21:30:00
21/10/2018 09:00:00,3.331,21/10/2018 16:30:00
22/10/2018 09:00:00,3.716,23/10/2018 05:30:00
23/10/2018 09:00:00,4.257,24/10/2018 06:00:00
24/10/2018 09:00:00,4.537,24/10/2018 18:00:00
25/10/2018 09:00:00,4.764,25/10/2018 18:30:00
26/10/2018 09:00:00,4.589,26/10/2018 19:15:00
27/10/2018 09:00:00,4.399,27/10/2018 20:00:00
28/10/2018 09:00:00,4.149,28/10/2018 20:45:00
29/10/2018 09:00:00,3.901,29/10/2018 09:00:00
30/10/2018 09:00:00,3.775,30/10/2018 09:30:00
31/10/2018 09:00:00,3.288,01/11/2018 01:30:00
01/11/2018 09:00:00,3.34,01/11/2018 15:30:00
02/11/2018 09:00:00,3.255,03/11/2018 02:45:00
03/11/2018 09:00:00,4.257,04/11/2018 04:00:00
04/11/2018 09:00:00,4.178,05/11/2018 04:30:00
05/11/2018 09:00:00,4.669,06/11/2018 04:45:00
06/11/2018 09:00:00,5.117,07/11/2018 05:45:00
07/11/2018 09:00:00,5.124,07/11/2018 18:00:00
08/11/2018 09:00:00,4.985,08/11/2018 18:45:00
09/11/2018 09:00:00,4.995,09/11/2018 19:30:00
10/11/2018 09:00:00,4.564,11/11/2018 08:15:00
11/11/2018 09:00:00,4.259,11/11/2018 09:00:00
12/11/2018 09:00:00,4.015,12/11/2018 09:00:00
13/11/2018 09:00:00,3.688,13/11/2018 09:00:00
14/11/2018 09:00:00,3.596,14/11/2018 09:15:00
15/11/2018 09:00:00,3.468,15/11/2018 11:45:00
16/11/2018 09:00:00,3.423,16/11/2018 09:15:00
17/11/2018 09:00:00,3.387,17/11/2018 14:30:00
18/11/2018 09:00:00,3.354,18/11/2018 09:00:00
19/11/2018 09:00:00,3.334,19/11/2018 09:00:00
20/11/2018 09:00:00,3.825,21/11/2018 05:00:00
21/11/2018 09:00:00,4.314,22/11/2018 05:15:00
22/11/2018 09:00:00,4.566,23/11/2018 05:45:00
23/11/2018 09:00:00,4.741,23/11/2018 18:00:00
24/11/2018 09:00:00,4.879,24/11/2018 18:45:00
25/11/2018 09:00:00,4.76,25/11/2018 19:30:00
26/11/2018 09:00:00,4.534,27/11/2018 08:45:00
27/11/2018 09:00:00,4.528,27/11/2018 09:00:00
28/11/2018 09:00:00,4.349,28/11/2018 09:30:00
29/11/2018 09:00:00,4.371,29/11/2018 10:45:00
30/11/2018 09:00:00,3.774,30/11/2018 09:00:00
01/12/2018 09:00:00,3.958,02/12/2018 05:30:00
02/12/2018 09:00:00,3.9,02/12/2018 09:00:00
03/12/2018 09:00:00,3.953,03/12/2018 15:15:00
04/12/2018 09:00:00,4.158,05/12/2018 04:45:00
05/12/2018 09:00:00,4.697,05/12/2018 17:00:00
06/12/2018 09:00:00,5.259,07/12/2018 08:45:00
07/12/2018 09:00:00,5.276,07/12/2018 09:00:00
08/12/2018 09:00:00,4.547,08/12/2018 19:15:00
09/12/2018 09:00:00,4.146,10/12/2018 07:45:00
10/12/2018 09:00:00,3.963,11/12/2018 08:30:00
11/12/2018 09:00:00,3.796,11/12/2018 09:00:00
12/12/2018 09:00:00,3.569,12/12/2018 09:15:00
13/12/2018 09:00:00,3.411,13/12/2018 10:30:00
14/12/2018 09:00:00,3.375,14/12/2018 10:45:00
15/12/2018 09:00:00,3.738,15/12/2018 22:15:00
16/12/2018 09:00:00,3.602,17/12/2018 00:15:00
17/12/2018 09:00:00,3.506,17/12/2018 09:00:00
18/12/2018 09:00:00,4.687,18/12/2018 17:00:00
19/12/2018 09:00:00,3.861,19/12/2018 09:00:00
20/12/2018 09:00:00,4.469,21/12/2018 04:45:00
21/12/2018 09:00:00,4.509,22/12/2018 05:45:00
22/12/2018 09:00:00,4.847,23/12/2018 06:30:00
23/12/2018 09:00:00,4.826,24/12/2018 07:15:00
24/12/2018 09:00:00,4.736,25/12/2018 08:15:00
25/12/2018 09:00:00,4.605,25/12/2018 20:15:00
26/12/2018 09:00:00,4.559,26/12/2018 09:00:00
27/12/2018 09:00:00,4.33,27/12/2018 09:15:00
28/12/2018 09:00:00,3.908,28/12/2018 10:15:00
29/12/2018 09:00:00,3.544,29/12/2018 11:30:00
30/12/2018 09:00:00,3.401,30/12/2018 13:00:00
31/12/2018 09:00:00,3.367,31/12/2018 15:15:00
01/01/2019 09:00:00,3.345,01/01/2019 09:00:00
02/01/2019 09:00:00,3.312,03/01/2019 05:15:00
03/01/2019 09:00:00,3.513,04/01/2019 05:30:00
04/01/2019 09:00:00,3.888,05/01/2019 06:00:00
05/01/2019 09:00:00,3.946,06/01/2019 06:30:00
06/01/2019 09:00:00,4.078,07/01/2019 07:15:00
07/01/2019 09:00:00,3.963,08/01/2019 07:45:00
08/01/2019 09:00:00,3.959,08/01/2019 20:00:00
09/01/2019 09:00:00,3.619,09/01/2019 09:00:00
10/01/2019 09:00:00,3.65,10/01/2019 09:00:00
11/01/2019 09:00:00,3.414,11/01/2019 09:30:00
12/01/2019 09:00:00,3.259,12/01/2019 10:15:00
13/01/2019 09:00:00,3.239,13/01/2019 11:45:00
14/01/2019 09:00:00,3.23,14/01/2019 11:30:00
15/01/2019 09:00:00,3.382,16/01/2019 08:45:00
16/01/2019 09:00:00,3.552,16/01/2019 18:00:00
17/01/2019 09:00:00,3.464,17/01/2019 09:15:00
18/01/2019 09:00:00,3.735,19/01/2019 04:30:00
19/01/2019 09:00:00,4.209,20/01/2019 05:15:00
20/01/2019 09:00:00,4.58,21/01/2019 05:45:00
21/01/2019 09:00:00,4.935,22/01/2019 07:00:00
22/01/2019 09:00:00,5.197,23/01/2019 07:45:00
23/01/2019 09:00:00,5.06,24/01/2019 08:30:00
24/01/2019 09:00:00,4.918,24/01/2019 09:00:00
25/01/2019 09:00:00,4.821,25/01/2019 09:30:00
26/01/2019 09:00:00,4.593,26/01/2019 09:45:00
27/01/2019 09:00:00,3.818,27/01/2019 09:00:00
28/01/2019 09:00:00,3.476,28/01/2019 12:00:00
29/01/2019 09:00:00,3.663,29/01/2019 17:15:00
30/01/2019 09:00:00,3.46,30/01/2019 10:15:00
31/01/2019 09:00:00,3.407,31/01/2019 16:15:00
01/02/2019 09:00:00,3.376,01/02/2019 09:00:00
02/02/2019 09:00:00,3.584,03/02/2019 05:45:00
03/02/2019 09:00:00,4.284,04/02/2019 08:30:00
04/02/2019 09:00:00,4.246,04/02/2019 09:00:00
05/02/2019 09:00:00,4.196,06/02/2019 07:15:00
06/02/2019 09:00:00,4.381,07/02/2019 08:00:00
07/02/2019 09:00:00,4.885,08/02/2019 08:15:00
08/02/2019 09:00:00,4.714,08/02/2019 09:00:00
09/02/2019 09:00:00,4.183,09/02/2019 09:00:00
10/02/2019 09:00:00,4.131,10/02/2019 09:30:00
11/02/2019 09:00:00,3.575,11/02/2019 09:30:00
12/02/2019 09:00:00,3.467,12/02/2019 10:45:00
13/02/2019 09:00:00,3.496,13/02/2019 11:45:00
14/02/2019 09:00:00,3.371,14/02/2019 13:00:00
15/02/2019 09:00:00,3.315,15/02/2019 14:30:00
16/02/2019 09:00:00,3.535,17/02/2019 04:15:00
17/02/2019 09:00:00,4.235,18/02/2019 05:00:00
18/02/2019 09:00:00,4.779,19/02/2019 05:45:00
19/02/2019 09:00:00,5.31,20/02/2019 06:15:00
20/02/2019 09:00:00,5.412,21/02/2019 07:15:00
21/02/2019 09:00:00,5.295,21/02/2019 20:00:00
22/02/2019 09:00:00,5.022,23/02/2019 08:30:00
23/02/2019 09:00:00,5.007,23/02/2019 09:00:00
24/02/2019 09:00:00,4.554,24/02/2019 09:30:00
25/02/2019 09:00:00,3.878,25/02/2019 10:15:00
26/02/2019 09:00:00,3.287,26/02/2019 11:45:00
27/02/2019 09:00:00,3.287,28/02/2019 07:00:00
28/02/2019 09:00:00,3.337,01/03/2019 08:00:00
01/03/2019 09:00:00,3.352,02/03/2019 00:15:00
02/03/2019 09:00:00,3.662,03/03/2019 01:45:00
03/03/2019 09:00:00,4.272,03/03/2019 17:30:00
04/03/2019 09:00:00,4.078,05/03/2019 06:00:00
05/03/2019 09:00:00,4.982,06/03/2019 06:30:00
06/03/2019 09:00:00,4.634,07/03/2019 07:00:00
07/03/2019 09:00:00,4.564,08/03/2019 07:45:00
08/03/2019 09:00:00,4.716,09/03/2019 08:00:00
09/03/2019 09:00:00,4.495,10/03/2019 08:15:00
10/03/2019 09:00:00,4.383,10/03/2019 09:00:00
11/03/2019 09:00:00,4.461,12/03/2019 08:45:00
12/03/2019 09:00:00,4.851,12/03/2019 12:15:00
13/03/2019 09:00:00,3.736,14/03/2019 08:45:00
14/03/2019 09:00:00,3.972,14/03/2019 13:15:00
15/03/2019 09:00:00,4.009,15/03/2019 16:45:00
16/03/2019 09:00:00,4.825,16/03/2019 20:30:00
17/03/2019 09:00:00,3.796,17/03/2019 09:00:00
18/03/2019 09:00:00,3.979,19/03/2019 04:45:00
19/03/2019 09:00:00,4.602,20/03/2019 05:30:00
20/03/2019 09:00:00,5.024,21/03/2019 06:00:00
21/03/2019 09:00:00,5.373,22/03/2019 07:15:00
22/03/2019 09:00:00,5.2,22/03/2019 19:45:00
23/03/2019 09:00:00,4.99,23/03/2019 20:00:00
24/03/2019 09:00:00,4.808,24/03/2019 09:00:00
25/03/2019 09:00:00,4.355,25/03/2019 09:00:00
26/03/2019 09:00:00,3.764,26/03/2019 10:00:00
27/03/2019 09:00:00,3.302,27/03/2019 11:30:00
28/03/2019 09:00:00,3.27,29/03/2019 02:45:00
29/03/2019 09:00:00,3.261,29/03/2019 15:30:00
30/03/2019 09:00:00,3.248,31/03/2019 04:45:00
31/03/2019 09:00:00,3.243,01/04/2019 04:30:00
01/04/2019 09:00:00,3.306,02/04/2019 05:00:00
02/04/2019 09:00:00,3.719,03/04/2019 05:45:00
03/04/2019 09:00:00,4.34,04/04/2019 05:45:00
04/04/2019 09:00:00,4.675,05/04/2019 06:45:00
05/04/2019 09:00:00,4.666,06/04/2019 06:45:00
06/04/2019 09:00:00,4.652,07/04/2019 07:15:00
07/04/2019 09:00:00,4.666,08/04/2019 07:45:00
08/04/2019 09:00:00,4.489,08/04/2019 20:00:00
09/04/2019 09:00:00,4.183,09/04/2019 09:00:00
10/04/2019 09:00:00,3.893,10/04/2019 09:15:00
11/04/2019 09:00:00,3.349,11/04/2019 10:00:00
12/04/2019 09:00:00,3.237,12/04/2019 12:30:00
13/04/2019 09:00:00,3.227,14/04/2019 03:45:00
14/04/2019 09:00:00,3.219,14/04/2019 17:00:00
15/04/2019 09:00:00,3.474,16/04/2019 04:00:00
16/04/2019 09:00:00,4.19,17/04/2019 04:30:00
17/04/2019 09:00:00,4.631,18/04/2019 05:00:00
18/04/2019 09:00:00,4.909,19/04/2019 05:45:00
19/04/2019 09:00:00,5.015,20/04/2019 06:30:00
20/04/2019 09:00:00,4.954,21/04/2019 07:00:00
21/04/2019 09:00:00,4.94,21/04/2019 19:30:00
22/04/2019 09:00:00,4.746,22/04/2019 20:15:00
23/04/2019 09:00:00,4.466,23/04/2019 09:00:00
24/04/2019 09:00:00,4.068,24/04/2019 09:30:00
25/04/2019 09:00:00,3.461,25/04/2019 10:15:00
26/04/2019 09:00:00,3.582,27/04/2019 08:45:00
27/04/2019 09:00:00,3.654,27/04/2019 10:45:00
28/04/2019 09:00:00,3.335,28/04/2019 09:15:00
29/04/2019 09:00:00,3.29395,29/04/2019 16:15:00
30/04/2019 09:00:00,3.26477,30/04/2019 15:00:00
01/05/2019 09:00:00,3.39247,02/05/2019 05:00:00
02/05/2019 09:00:00,3.97628,03/05/2019 05:30:00
03/05/2019 09:00:00,4.19308,04/05/2019 06:00:00
04/05/2019 09:00:00,4.37389,05/05/2019 06:30:00
05/05/2019 09:00:00,4.43869,06/05/2019 07:00:00
06/05/2019 09:00:00,4.4876,06/05/2019 19:15:00
07/05/2019 09:00:00,4.60031,08/05/2019 08:00:00
08/05/2019 09:00:00,4.3892,08/05/2019 20:45:00
09/05/2019 09:00:00,4.05811,09/05/2019 09:00:00
10/05/2019 09:00:00,3.69991,10/05/2019 09:45:00
11/05/2019 09:00:00,3.23371,11/05/2019 11:15:00
12/05/2019 09:00:00,3.19138,13/05/2019 04:30:00
13/05/2019 09:00:00,3.1862,14/05/2019 03:30:00
14/05/2019 09:00:00,3.29701,15/05/2019 03:30:00
15/05/2019 09:00:00,3.97081,16/05/2019 04:15:00
16/05/2019 09:00:00,4.43062,17/05/2019 04:45:00
17/05/2019 09:00:00,4.70942,18/05/2019 05:30:00
18/05/2019 09:00:00,4.84433,18/05/2019 17:45:00
19/05/2019 09:00:00,4.88913,19/05/2019 18:30:00
20/05/2019 09:00:00,4.72594,20/05/2019 19:15:00
21/05/2019 09:00:00,4.43874,21/05/2019 20:00:00
22/05/2019 09:00:00,3.94854,22/05/2019 20:45:00
23/05/2019 09:00:00,3.58345,23/05/2019 09:00:00
24/05/2019 09:00:00,3.13623,24/05/2019 12:30:00
25/05/2019 09:00:00,3.08304,25/05/2019 12:15:00
26/05/2019 09:00:00,3.15173,27/05/2019 03:30:00
27/05/2019 09:00:00,3.16153,28/05/2019 04:45:00
28/05/2019 09:00:00,3.15634,29/05/2019 04:45:00
29/05/2019 09:00:00,3.17914,30/05/2019 05:30:00
30/05/2019 09:00:00,3.21696,31/05/2019 04:15:00
31/05/2019 09:00:00,3.44777,01/06/2019 05:15:00
01/06/2019 09:00:00,4.21857,02/06/2019 05:30:00
02/06/2019 09:00:00,4.33938,03/06/2019 06:00:00
03/06/2019 09:00:00,4.56819,04/06/2019 06:30:00
04/06/2019 09:00:00,4.70709,04/06/2019 18:45:00
05/06/2019 09:00:00,4.60689,05/06/2019 19:30:00
06/06/2019 09:00:00,4.5097,06/06/2019 20:15:00
07/06/2019 09:00:00,4.2785,07/06/2019 21:15:00
08/06/2019 09:00:00,3.7824,08/06/2019 09:45:00
09/06/2019 09:00:00,3.4942,09/06/2019 10:45:00
10/06/2019 09:00:00,3.28584,11/06/2019 08:45:00
11/06/2019 09:00:00,3.5448,11/06/2019 14:00:00
12/06/2019 09:00:00,3.80546,13/06/2019 08:45:00
13/06/2019 09:00:00,3.83827,14/06/2019 08:30:00
14/06/2019 09:00:00,4.07611,15/06/2019 04:30:00
15/06/2019 09:00:00,4.17992,16/06/2019 05:15:00
16/06/2019 09:00:00,4.36881,16/06/2019 18:00:00
17/06/2019 09:00:00,4.36362,17/06/2019 18:30:00
18/06/2019 09:00:00,4.40342,18/06/2019 19:15:00
19/06/2019 09:00:00,4.35223,19/06/2019 19:30:00
20/06/2019 09:00:00,4.03804,20/06/2019 20:15:00
21/06/2019 09:00:00,3.64284,21/06/2019 21:15:00
22/06/2019 09:00:00,3.34864,22/06/2019 22:00:00
23/06/2019 09:00:00,3.23444,23/06/2019 23:15:00
24/06/2019 09:00:00,3.20722,25/06/2019 03:00:00
25/06/2019 09:00:00,3.19201,26/06/2019 06:00:00
26/06/2019 09:00:00,3.17981,27/06/2019 07:15:00
27/06/2019 09:00:00,3.17364,28/06/2019 05:00:00
28/06/2019 09:00:00,3.16144,29/06/2019 05:30:00
29/06/2019 09:00:00,3.29026,30/06/2019 04:30:00
30/06/2019 09:00:00,3.68906,01/07/2019 05:15:00
01/07/2019 09:00:00,4.00187,02/07/2019 05:45:00
02/07/2019 09:00:00,4.33167,03/07/2019 06:30:00
03/07/2019 09:00:00,4.55658,03/07/2019 18:45:00
04/07/2019 09:00:00,4.71338,04/07/2019 19:15:00
05/07/2019 09:00:00,4.75619,05/07/2019 20:00:00
06/07/2019 09:00:00,4.62899,06/07/2019 21:00:00
07/07/2019 09:00:00,4.33279,07/07/2019 22:00:00
08/07/2019 09:00:00,3.91959,08/07/2019 23:15:00
09/07/2019 09:00:00,3.5165,09/07/2019 11:15:00
10/07/2019 09:00:00,3.1443,10/07/2019 12:15:00
11/07/2019 09:00:00,3.11798,12/07/2019 04:15:00
12/07/2019 09:00:00,3.12878,13/07/2019 05:30:00
13/07/2019 09:00:00,3.2617,13/07/2019 15:45:00
14/07/2019 09:00:00,3.5965,14/07/2019 16:30:00
15/07/2019 09:00:00,3.87931,15/07/2019 17:30:00
16/07/2019 09:00:00,4.06511,16/07/2019 18:00:00
17/07/2019 09:00:00,4.37592,17/07/2019 18:45:00
18/07/2019 09:00:00,4.37472,18/07/2019 19:30:00
19/07/2019 09:00:00,4.32753,19/07/2019 19:45:00
20/07/2019 09:00:00,4.02633,20/07/2019 20:45:00
21/07/2019 09:00:00,3.80013,21/07/2019 21:30:00
22/07/2019 09:00:00,3.24794,22/07/2019 22:15:00
23/07/2019 09:00:00,3.17084,23/07/2019 10:15:00
24/07/2019 09:00:00,3.10764,24/07/2019 12:00:00
25/07/2019 09:00:00,3.04646,25/07/2019 11:15:00
26/07/2019 09:00:00,3.04627,26/07/2019 10:15:00
27/07/2019 09:00:00,3.04606,27/07/2019 13:15:00
28/07/2019 09:00:00,3.0459,28/07/2019 09:45:00
29/07/2019 09:00:00,3.43556,30/07/2019 05:00:00
30/07/2019 09:00:00,4.09636,31/07/2019 05:30:00
31/07/2019 09:00:00,4.54517,01/08/2019 06:00:00
01/08/2019 09:00:00,4.91607,01/08/2019 18:15:00
02/08/2019 09:00:00,5.06287,02/08/2019 19:00:00
03/08/2019 09:00:00,5.13768,03/08/2019 19:45:00
04/08/2019 09:00:00,5.11748,04/08/2019 20:30:00
05/08/2019 09:00:00,4.72428,05/08/2019 21:30:00
06/08/2019 09:00:00,4.35919,06/08/2019 10:00:00
07/08/2019 09:00:00,3.79699,07/08/2019 11:00:00
08/08/2019 09:00:00,3.94263,09/08/2019 08:30:00
09/08/2019 09:00:00,4.13449,10/08/2019 01:45:00
10/08/2019 09:00:00,4.46541,10/08/2019 12:30:00
11/08/2019 09:00:00,3.87223,11/08/2019 10:30:00
12/08/2019 09:00:00,3.50897,12/08/2019 19:00:00
13/08/2019 09:00:00,3.7667,14/08/2019 05:30:00
14/08/2019 09:00:00,4.2106,14/08/2019 17:45:00
15/08/2019 09:00:00,4.17831,16/08/2019 06:45:00
16/08/2019 09:00:00,5.07919,16/08/2019 22:00:00
17/08/2019 09:00:00,4.50902,17/08/2019 19:45:00
18/08/2019 09:00:00,4.35782,18/08/2019 20:15:00
19/08/2019 09:00:00,4.07263,19/08/2019 20:30:00
20/08/2019 09:00:00,3.74444,20/08/2019 21:15:00
21/08/2019 09:00:00,3.40024,21/08/2019 22:00:00
22/08/2019 09:00:00,3.39004,22/08/2019 23:30:00
23/08/2019 09:00:00,3.37994,23/08/2019 12:15:00
24/08/2019 09:00:00,3.28575,24/08/2019 12:15:00
25/08/2019 09:00:00,3.23943,26/08/2019 04:30:00
26/08/2019 09:00:00,3.21823,27/08/2019 05:15:00
27/08/2019 09:00:00,3.43605,28/08/2019 04:30:00
28/08/2019 09:00:00,4.137,29/08/2019 05:15:00
29/08/2019 09:00:00,4.707,30/08/2019 05:45:00
30/08/2019 09:00:00,5.217,31/08/2019 07:00:00
31/08/2019 09:00:00,5.35,31/08/2019 19:15:00
01/09/2019 09:00:00,5.401,01/09/2019 20:00:00
02/09/2019 09:00:00,5.209,02/09/2019 20:45:00
03/09/2019 09:00:00,4.913,03/09/2019 21:00:00
04/09/2019 09:00:00,4.268,04/09/2019 09:45:00
05/09/2019 09:00:00,3.622,05/09/2019 10:30:00
06/09/2019 09:00:00,3.296,07/09/2019 03:45:00
07/09/2019 09:00:00,3.248,07/09/2019 09:30:00
08/09/2019 09:00:00,3.352,09/09/2019 08:45:00
09/09/2019 09:00:00,3.699,09/09/2019 22:45:00
10/09/2019 09:00:00,3.454,10/09/2019 09:00:00
11/09/2019 09:00:00,3.763,11/09/2019 15:15:00
12/09/2019 09:00:00,3.949,12/09/2019 17:30:00
13/09/2019 09:00:00,4.094,13/09/2019 18:15:00
14/09/2019 09:00:00,4.328,14/09/2019 18:30:00
15/09/2019 09:00:00,4.548,15/09/2019 19:00:00
16/09/2019 09:00:00,4.379,16/09/2019 19:30:00
17/09/2019 09:00:00,4.132,17/09/2019 20:15:00
18/09/2019 09:00:00,3.901,18/09/2019 20:45:00
19/09/2019 09:00:00,3.587,19/09/2019 09:15:00
20/09/2019 09:00:00,3.274,20/09/2019 09:45:00
21/09/2019 09:00:00,3.181,21/09/2019 10:45:00
22/09/2019 09:00:00,3.275,22/09/2019 23:45:00
23/09/2019 09:00:00,4.529,24/09/2019 07:00:00
24/09/2019 09:00:00,4.72,25/09/2019 03:30:00
25/09/2019 09:00:00,4.075,25/09/2019 09:00:00
26/09/2019 09:00:00,4.548,27/09/2019 05:00:00
27/09/2019 09:00:00,5.031,28/09/2019 05:45:00
28/09/2019 09:00:00,6.126,29/09/2019 06:30:00
29/09/2019 09:00:00,5.601,29/09/2019 18:45:00
30/09/2019 09:00:00,5.76,30/09/2019 19:15:00
01/10/2019 09:00:00,5.246,01/10/2019 20:00:00
02/10/2019 09:00:00,4.858,02/10/2019 09:00:00
03/10/2019 09:00:00,4.514,03/10/2019 09:00:00
04/10/2019 09:00:00,3.967,04/10/2019 09:45:00
05/10/2019 09:00:00,4.11,06/10/2019 02:45:00
06/10/2019 09:00:00,3.752,06/10/2019 09:00:00
07/10/2019 09:00:00,3.531,07/10/2019 21:00:00
08/10/2019 09:00:00,3.536,08/10/2019 18:45:00
09/10/2019 09:00:00,3.502,09/10/2019 15:15:00
10/10/2019 09:00:00,3.727,11/10/2019 01:45:00
11/10/2019 09:00:00,4.497,11/10/2019 15:30:00
12/10/2019 09:00:00,4.38,12/10/2019 17:45:00
13/10/2019 09:00:00,4.522,13/10/2019 18:15:00
14/10/2019 09:00:00,4.656,14/10/2019 18:45:00
15/10/2019 09:00:00,4.681,15/10/2019 19:00:00
16/10/2019 09:00:00,4.613,16/10/2019 19:45:00
17/10/2019 09:00:00,4.686,18/10/2019 00:30:00
18/10/2019 09:00:00,4.424,18/10/2019 09:00:00
19/10/2019 09:00:00,3.848,19/10/2019 09:00:00
20/10/2019 09:00:00,3.522,20/10/2019 09:15:00
21/10/2019 09:00:00,3.442,21/10/2019 12:15:00
22/10/2019 09:00:00,3.389,22/10/2019 12:00:00
23/10/2019 09:00:00,3.363,23/10/2019 14:00:00
24/10/2019 09:00:00,3.652,25/10/2019 03:30:00
25/10/2019 09:00:00,5.457,25/10/2019 23:15:00
26/10/2019 09:00:00,4.826,27/10/2019 05:30:00
27/10/2019 09:00:00,5.159,28/10/2019 06:15:00
28/10/2019 09:00:00,5.235,28/10/2019 18:30:00
29/10/2019 09:00:00,5.162,29/10/2019 19:15:00
30/10/2019 09:00:00,4.946,30/10/2019 19:30:00
31/10/2019 09:00:00,4.576,31/10/2019 20:00:00
01/11/2019 09:00:00,4.875,02/11/2019 08:45:00
02/11/2019 09:00:00,5.203,02/11/2019 11:00:00
03/11/2019 09:00:00,3.924,03/11/2019 09:00:00
04/11/2019 09:00:00,3.743,04/11/2019 11:45:00
05/11/2019 09:00:00,3.548,05/11/2019 09:30:00
06/11/2019 09:00:00,3.672,07/11/2019 05:00:00
07/11/2019 09:00:00,3.633,07/11/2019 09:00:00
08/11/2019 09:00:00,3.447,08/11/2019 11:45:00
09/11/2019 09:00:00,3.859,10/11/2019 00:45:00
10/11/2019 09:00:00,4.097,11/11/2019 05:15:00
11/11/2019 09:00:00,4.232,12/11/2019 05:45:00
12/11/2019 09:00:00,4.511,13/11/2019 06:30:00
13/11/2019 09:00:00,4.677,13/11/2019 19:00:00
14/11/2019 09:00:00,4.223,14/11/2019 19:30:00
15/11/2019 09:00:00,4.149,15/11/2019 20:00:00
16/11/2019 09:00:00,3.994,16/11/2019 20:30:00
17/11/2019 09:00:00,3.84,17/11/2019 09:00:00
18/11/2019 09:00:00,3.405,18/11/2019 09:45:00
19/11/2019 09:00:00,3.371,19/11/2019 10:45:00
20/11/2019 09:00:00,3.354,20/11/2019 13:00:00
21/11/2019 09:00:00,3.354,22/11/2019 02:15:00
22/11/2019 09:00:00,3.79,23/11/2019 03:00:00
23/11/2019 09:00:00,4.184,24/11/2019 04:00:00
24/11/2019 09:00:00,4.763,25/11/2019 05:15:00
25/11/2019 09:00:00,5.141,26/11/2019 05:45:00
26/11/2019 09:00:00,5.216,26/11/2019 18:15:00
27/11/2019 09:00:00,5.027,27/11/2019 18:45:00
28/11/2019 09:00:00,4.734,28/11/2019 19:30:00
29/11/2019 09:00:00,4.364,29/11/2019 20:00:00
30/11/2019 09:00:00,4.085,30/11/2019 09:00:00
01/12/2019 09:00:00,3.639,01/12/2019 09:00:00
02/12/2019 09:00:00,3.307,02/12/2019 10:30:00
03/12/2019 09:00:00,3.283,04/12/2019 01:30:00
04/12/2019 09:00:00,3.264,05/12/2019 03:30:00
05/12/2019 09:00:00,4.318,06/12/2019 08:30:00
06/12/2019 09:00:00,4.263,06/12/2019 09:00:00
07/12/2019 09:00:00,4.522,08/12/2019 04:45:00
08/12/2019 09:00:00,3.976,08/12/2019 09:00:00
09/12/2019 09:00:00,3.868,10/12/2019 05:00:00
10/12/2019 09:00:00,4.965,10/12/2019 20:15:00
11/12/2019 09:00:00,4.511,12/12/2019 06:15:00
12/12/2019 09:00:00,4.804,12/12/2019 18:45:00
13/12/2019 09:00:00,4.841,14/12/2019 07:30:00
14/12/2019 09:00:00,4.874,14/12/2019 20:00:00
15/12/2019 09:00:00,4.576,15/12/2019 20:30:00
16/12/2019 09:00:00,4.424,16/12/2019 09:00:00
17/12/2019 09:00:00,4.145,17/12/2019 09:45:00
18/12/2019 09:00:00,4.51,19/12/2019 08:45:00
19/12/2019 09:00:00,4.5,19/12/2019 09:00:00
20/12/2019 09:00:00,3.837,21/12/2019 08:45:00
21/12/2019 09:00:00,4.147,21/12/2019 11:15:00
22/12/2019 09:00:00,3.926,22/12/2019 15:00:00
23/12/2019 09:00:00,4.339,24/12/2019 04:45:00
24/12/2019 09:00:00,4.387,24/12/2019 17:00:00
25/12/2019 09:00:00,4.616,26/12/2019 05:45:00
26/12/2019 09:00:00,4.453,27/12/2019 06:30:00
27/12/2019 09:00:00,4.372,28/12/2019 07:30:00
28/12/2019 09:00:00,4.174,29/12/2019 08:00:00
29/12/2019 09:00:00,3.951,30/12/2019 08:45:00
30/12/2019 09:00:00,3.863,30/12/2019 09:00:00
31/12/2019 09:00:00,3.559,31/12/2019 09:30:00
01/01/2020 09:00:00,3.339,01/01/2020 10:30:00
02/01/2020 09:00:00,3.744,03/01/2020 08:15:00
03/01/2020 09:00:00,3.739,03/01/2020 09:00:00
04/01/2020 09:00:00,3.394,04/01/2020 11:00:00
05/01/2020 09:00:00,3.385,06/01/2020 05:45:00
06/01/2020 09:00:00,3.676,06/01/2020 20:00:00
07/01/2020 09:00:00,3.634,08/01/2020 02:45:00
08/01/2020 09:00:00,4.922,09/01/2020 05:00:00
09/01/2020 09:00:00,4.127,09/01/2020 09:00:00
10/01/2020 09:00:00,4.541,11/01/2020 06:45:00
11/01/2020 09:00:00,5.028,12/01/2020 07:15:00
12/01/2020 09:00:00,4.957,13/01/2020 08:00:00
13/01/2020 09:00:00,4.999,13/01/2020 20:30:00
14/01/2020 09:00:00,5.036,14/01/2020 21:15:00
15/01/2020 09:00:00,4.904,15/01/2020 09:15:00
16/01/2020 09:00:00,4.496,16/01/2020 10:45:00
17/01/2020 09:00:00,3.871,17/01/2020 11:15:00
18/01/2020 09:00:00,3.531,18/01/2020 12:15:00
19/01/2020 09:00:00,3.441,19/01/2020 09:00:00
20/01/2020 09:00:00,3.401,20/01/2020 09:00:00
21/01/2020 09:00:00,3.376,21/01/2020 16:45:00
22/01/2020 09:00:00,3.694,23/01/2020 05:15:00
23/01/2020 09:00:00,4.084,24/01/2020 06:00:00
24/01/2020 09:00:00,4.352,25/01/2020 06:30:00
25/01/2020 09:00:00,4.61,26/01/2020 07:00:00
26/01/2020 09:00:00,4.528,27/01/2020 07:45:00
27/01/2020 09:00:00,4.494,27/01/2020 20:15:00
28/01/2020 09:00:00,4.122,29/01/2020 08:45:00
29/01/2020 09:00:00,4.089,29/01/2020 09:00:00
30/01/2020 09:00:00,4.056,30/01/2020 09:30:00
31/01/2020 09:00:00,4.033,31/01/2020 19:00:00
01/02/2020 09:00:00,3.603,01/02/2020 09:00:00
02/02/2020 09:00:00,3.597,02/02/2020 11:15:00
03/02/2020 09:00:00,3.435,03/02/2020 09:00:00
04/02/2020 09:00:00,3.393,04/02/2020 09:00:00
05/02/2020 09:00:00,3.346,05/02/2020 09:00:00
06/02/2020 09:00:00,3.421,07/02/2020 04:45:00
07/02/2020 09:00:00,4.02,08/02/2020 05:30:00
08/02/2020 09:00:00,5.416,09/02/2020 06:45:00
09/02/2020 09:00:00,5.143,09/02/2020 18:45:00
10/02/2020 09:00:00,5.333,11/02/2020 08:00:00
11/02/2020 09:00:00,5.336,12/02/2020 08:45:00
12/02/2020 09:00:00,5.29,13/02/2020 08:45:00
13/02/2020 09:00:00,5.437,13/02/2020 09:15:00
14/02/2020 09:00:00,4.712,14/02/2020 10:15:00
15/02/2020 09:00:00,5.966,16/02/2020 06:15:00
16/02/2020 09:00:00,5.699,16/02/2020 09:00:00
17/02/2020 09:00:00,3.697,17/02/2020 13:45:00
18/02/2020 09:00:00,3.594,18/02/2020 22:15:00
19/02/2020 09:00:00,3.768,20/02/2020 05:00:00
20/02/2020 09:00:00,4.382,20/02/2020 13:00:00
21/02/2020 09:00:00,4.578,22/02/2020 06:15:00
22/02/2020 09:00:00,4.877,23/02/2020 06:45:00
23/02/2020 09:00:00,4.954,24/02/2020 07:15:00
24/02/2020 09:00:00,4.977,24/02/2020 13:00:00
25/02/2020 09:00:00,4.355,25/02/2020 19:45:00
26/02/2020 09:00:00,4.221,26/02/2020 20:15:00
27/02/2020 09:00:00,4.404,28/02/2020 08:45:00
28/02/2020 09:00:00,5.345,29/02/2020 06:15:00
29/02/2020 09:00:00,4.887,29/02/2020 09:00:00
01/03/2020 09:00:00,3.689,01/03/2020 10:00:00
02/03/2020 09:00:00,3.526,02/03/2020 11:30:00
03/03/2020 09:00:00,3.513,03/03/2020 12:15:00
04/03/2020 09:00:00,3.515,04/03/2020 22:15:00
05/03/2020 09:00:00,3.438,05/03/2020 09:15:00
06/03/2020 09:00:00,3.423,07/03/2020 04:30:00
07/03/2020 09:00:00,4.822,08/03/2020 05:00:00
08/03/2020 09:00:00,4.809,09/03/2020 06:15:00
09/03/2020 09:00:00,5.446,10/03/2020 06:45:00
10/03/2020 09:00:00,5.707,11/03/2020 07:30:00
11/03/2020 09:00:00,5.925,11/03/2020 19:45:00
12/03/2020 09:00:00,5.352,12/03/2020 20:45:00
13/03/2020 09:00:00,5.226,13/03/2020 09:00:00
14/03/2020 09:00:00,4.754,14/03/2020 09:45:00
15/03/2020 09:00:00,4.089,15/03/2020 10:30:00
16/03/2020 09:00:00,3.502,16/03/2020 09:00:00
17/03/2020 09:00:00,3.884,18/03/2020 08:45:00
18/03/2020 09:00:00,3.976,18/03/2020 12:30:00
19/03/2020 09:00:00,3.61,19/03/2020 14:30:00
20/03/2020 09:00:00,3.498,20/03/2020 09:00:00
21/03/2020 09:00:00,3.661,22/03/2020 05:30:00
22/03/2020 09:00:00,4.072,23/03/2020 05:45:00
23/03/2020 09:00:00,4.365,24/03/2020 06:30:00
24/03/2020 09:00:00,4.465,25/03/2020 06:45:00
25/03/2020 09:00:00,4.424,26/03/2020 07:15:00
26/03/2020 09:00:00,4.285,27/03/2020 08:00:00
27/03/2020 09:00:00,4.074,27/03/2020 20:15:00
28/03/2020 09:00:00,3.761,28/03/2020 09:00:00
29/03/2020 09:00:00,3.442,29/03/2020 09:15:00
30/03/2020 09:00:00,3.242,30/03/2020 10:45:00
31/03/2020 09:00:00,3.23,31/03/2020 14:45:00
01/04/2020 09:00:00,3.218,01/04/2020 12:00:00
02/04/2020 09:00:00,3.216,02/04/2020 16:15:00
03/04/2020 09:00:00,3.218,03/04/2020 17:15:00
04/04/2020 09:00:00,3.461,05/04/2020 04:15:00
05/04/2020 09:00:00,4.337,06/04/2020 04:45:00
06/04/2020 09:00:00,4.784,07/04/2020 05:15:00
07/04/2020 09:00:00,5.208,08/04/2020 06:30:00
08/04/2020 09:00:00,5.508,09/04/2020 07:00:00
09/04/2020 09:00:00,5.424,09/04/2020 19:30:00
10/04/2020 09:00:00,5.165,10/04/2020 19:45:00
11/04/2020 09:00:00,4.864,11/04/2020 09:00:00
12/04/2020 09:00:00,4.6,12/04/2020 09:00:00
13/04/2020 09:00:00,3.641,13/04/2020 10:15:00
14/04/2020 09:00:00,3.172,14/04/2020 12:45:00
15/04/2020 09:00:00,3.158,15/04/2020 13:30:00
16/04/2020 09:00:00,3.149,16/04/2020 14:15:00
17/04/2020 09:00:00,3.159,17/04/2020 20:00:00
18/04/2020 09:00:00,3.195,19/04/2020 04:30:00
19/04/2020 09:00:00,3.488,20/04/2020 05:15:00
20/04/2020 09:00:00,3.96,21/04/2020 05:45:00
21/04/2020 09:00:00,4.174,22/04/2020 06:15:00
22/04/2020 09:00:00,4.365,23/04/2020 06:30:00
23/04/2020 09:00:00,4.47,24/04/2020 07:00:00
24/04/2020 09:00:00,4.405,25/04/2020 07:30:00
25/04/2020 09:00:00,4.277,25/04/2020 19:45:00
26/04/2020 09:00:00,4.076,26/04/2020 20:15:00
27/04/2020 09:00:00,3.822,27/04/2020 09:00:00
28/04/2020 09:00:00,3.462,28/04/2020 09:30:00
29/04/2020 09:00:00,3.388,29/04/2020 22:15:00
30/04/2020 09:00:00,3.376,30/04/2020 22:15:00
01/05/2020 09:00:00,3.285,01/05/2020 09:00:00
02/05/2020 09:00:00,3.194,02/05/2020 13:30:00
03/05/2020 09:00:00,3.376,04/05/2020 03:45:00
04/05/2020 09:00:00,4.207,05/05/2020 04:30:00
05/05/2020 09:00:00,4.682,06/05/2020 05:00:00
06/05/2020 09:00:00,4.994,07/05/2020 05:30:00
07/05/2020 09:00:00,5.18,07/05/2020 18:00:00
08/05/2020 09:00:00,5.161,08/05/2020 18:45:00
09/05/2020 09:00:00,5.062,09/05/2020 19:30:00
10/05/2020 09:00:00,4.493,10/05/2020 20:15:00
11/05/2020 09:00:00,4.127,11/05/2020 09:00:00
12/05/2020 09:00:00,3.466,12/05/2020 10:00:00
13/05/2020 09:00:00,3.119,13/05/2020 11:15:00
14/05/2020 09:00:00,3.107,14/05/2020 15:30:00
15/05/2020 09:00:00,3.098,16/05/2020 04:00:00
16/05/2020 09:00:00,3.098,16/05/2020 15:00:00
17/05/2020 09:00:00,3.102,18/05/2020 05:45:00
18/05/2020 09:00:00,3.148,19/05/2020 04:30:00
19/05/2020 09:00:00,3.363,20/05/2020 05:30:00
20/05/2020 09:00:00,3.801,21/05/2020 05:45:00
21/05/2020 09:00:00,4.212,22/05/2020 06:00:00
22/05/2020 09:00:00,4.189,23/05/2020 06:45:00
23/05/2020 09:00:00,4.193,23/05/2020 19:00:00
24/05/2020 09:00:00,4.072,24/05/2020 19:30:00
25/05/2020 09:00:00,3.865,25/05/2020 20:15:00
26/05/2020 09:00:00,3.545,26/05/2020 21:00:00
27/05/2020 09:00:00,3.242,27/05/2020 21:45:00
28/05/2020 09:00:00,3.102,28/05/2020 10:45:00
29/05/2020 09:00:00,3.083,29/05/2020 13:45:00
30/05/2020 09:00:00,3.073,31/05/2020 02:45:00
31/05/2020 09:00:00,3.087,01/06/2020 02:45:00
01/06/2020 09:00:00,3.34,02/06/2020 03:30:00
02/06/2020 09:00:00,4.082,03/06/2020 04:00:00
03/06/2020 09:00:00,4.484,04/06/2020 04:45:00
04/06/2020 09:00:00,4.643,05/06/2020 05:15:00
05/06/2020 09:00:00,4.887,06/06/2020 06:00:00
06/06/2020 09:00:00,4.846,06/06/2020 18:30:00
07/06/2020 09:00:00,4.745,07/06/2020 19:30:00
08/06/2020 09:00:00,4.457,08/06/2020 20:15:00
09/06/2020 09:00:00,4.133,09/06/2020 21:00:00
10/06/2020 09:00:00,3.774,10/06/2020 21:45:00
11/06/2020 09:00:00,3.588,11/06/2020 09:00:00
12/06/2020 09:00:00,3.298,12/06/2020 22:15:00
13/06/2020 09:00:00,3.29,13/06/2020 13:15:00
14/06/2020 09:00:00,3.258,15/06/2020 03:15:00
15/06/2020 09:00:00,3.195,15/06/2020 09:30:00
16/06/2020 09:00:00,3.204,17/06/2020 05:30:00
17/06/2020 09:00:00,3.297,18/06/2020 06:30:00
18/06/2020 09:00:00,3.684,18/06/2020 18:15:00
19/06/2020 09:00:00,3.787,20/06/2020 05:30:00
20/06/2020 09:00:00,4.058,21/06/2020 06:00:00
21/06/2020 09:00:00,4.113,21/06/2020 18:15:00
22/06/2020 09:00:00,4.32,22/06/2020 19:00:00
23/06/2020 09:00:00,4.291,23/06/2020 19:45:00
24/06/2020 09:00:00,4.142,24/06/2020 20:30:00
25/06/2020 09:00:00,4.055,25/06/2020 21:15:00
26/06/2020 09:00:00,3.913,26/06/2020 22:15:00
27/06/2020 09:00:00,3.663,27/06/2020 23:15:00
28/06/2020 09:00:00,3.518,28/06/2020 09:00:00
29/06/2020 09:00:00,3.325,29/06/2020 09:00:00
30/06/2020 09:00:00,3.581,01/07/2020 02:30:00
01/07/2020 09:00:00,3.672,02/07/2020 03:30:00
02/07/2020 09:00:00,3.997,03/07/2020 04:30:00
03/07/2020 09:00:00,4.299,04/07/2020 05:30:00
04/07/2020 09:00:00,4.434,04/07/2020 17:45:00
05/07/2020 09:00:00,4.562,05/07/2020 18:30:00
06/07/2020 09:00:00,4.45,06/07/2020 19:30:00
07/07/2020 09:00:00,4.453,07/07/2020 19:45:00
08/07/2020 09:00:00,4.248,08/07/2020 20:30:00
09/07/2020 09:00:00,4.101,09/07/2020 09:00:00
10/07/2020 09:00:00,3.524,10/07/2020 09:15:00
11/07/2020 09:00:00,3.404,11/07/2020 10:45:00
12/07/2020 09:00:00,3.347,12/07/2020 12:00:00
13/07/2020 09:00:00,3.438,13/07/2020 21:45:00
14/07/2020 09:00:00,3.388,14/07/2020 09:00:00
15/07/2020 09:00:00,3.301,15/07/2020 09:30:00
16/07/2020 09:00:00,3.262,17/07/2020 03:45:00
17/07/2020 09:00:00,3.249,18/07/2020 05:30:00
18/07/2020 09:00:00,3.367,19/07/2020 05:15:00
19/07/2020 09:00:00,3.707,19/07/2020 17:15:00
20/07/2020 09:00:00,4.105,21/07/2020 06:30:00
21/07/2020 09:00:00,4.274,21/07/2020 19:00:00
22/07/2020 09:00:00,4.536,22/07/2020 19:45:00
23/07/2020 09:00:00,4.638,23/07/2020 20:00:00
24/07/2020 09:00:00,4.664,24/07/2020 20:45:00
25/07/2020 09:00:00,4.374,25/07/2020 21:45:00
26/07/2020 09:00:00,4.148,26/07/2020 22:45:00
27/07/2020 09:00:00,4.094,27/07/2020 15:00:00
28/07/2020 09:00:00,3.452,28/07/2020 09:15:00
29/07/2020 09:00:00,3.32,29/07/2020 13:30:00
30/07/2020 09:00:00,3.259,31/07/2020 04:15:00
31/07/2020 09:00:00,3.379,01/08/2020 04:30:00
01/08/2020 09:00:00,3.723,01/08/2020 16:30:00
02/08/2020 09:00:00,4.079,02/08/2020 17:45:00
03/08/2020 09:00:00,4.374,03/08/2020 18:15:00
04/08/2020 09:00:00,4.669,04/08/2020 18:45:00
05/08/2020 09:00:00,4.488,05/08/2020 19:15:00
06/08/2020 09:00:00,4.387,06/08/2020 20:15:00
07/08/2020 09:00:00,4.093,07/08/2020 20:45:00
08/08/2020 09:00:00,3.805,08/08/2020 21:30:00
09/08/2020 09:00:00,3.456,09/08/2020 09:30:00
10/08/2020 09:00:00,3.192,11/08/2020 01:30:00
11/08/2020 09:00:00,3.171,12/08/2020 04:00:00
12/08/2020 09:00:00,3.236,13/08/2020 01:00:00
13/08/2020 09:00:00,3.206,14/08/2020 05:00:00
14/08/2020 09:00:00,3.204,15/08/2020 05:15:00
15/08/2020 09:00:00,3.378,15/08/2020 10:15:00
16/08/2020 09:00:00,3.447,17/08/2020 05:00:00
17/08/2020 09:00:00,4.263,17/08/2020 19:45:00
18/08/2020 09:00:00,4.551,19/08/2020 06:00:00
19/08/2020 09:00:00,5.135,19/08/2020 18:45:00
20/08/2020 09:00:00,5.45,21/08/2020 07:45:00
21/08/2020 09:00:00,5.504,21/08/2020 20:00:00
22/08/2020 09:00:00,5.081,22/08/2020 20:45:00
23/08/2020 09:00:00,4.696,23/08/2020 21:45:00
24/08/2020 09:00:00,5.095,25/08/2020 08:45:00
25/08/2020 09:00:00,5.282,25/08/2020 10:30:00
26/08/2020 09:00:00,3.636,26/08/2020 09:30:00
27/08/2020 09:00:00,3.717,27/08/2020 19:30:00
28/08/2020 09:00:00,3.542,28/08/2020 09:00:00
29/08/2020 09:00:00,3.412,29/08/2020 16:45:00
30/08/2020 09:00:00,3.586,30/08/2020 16:45:00
31/08/2020 09:00:00,4.064,31/08/2020 17:30:00
01/09/2020 09:00:00,4.422,01/09/2020 18:00:00
02/09/2020 09:00:00,4.576,02/09/2020 18:30:00
03/09/2020 09:00:00,4.479,03/09/2020 19:15:00
04/09/2020 09:00:00,4.486,04/09/2020 19:30:00
05/09/2020 09:00:00,4.292,05/09/2020 20:00:00
06/09/2020 09:00:00,3.949,06/09/2020 20:30:00
07/09/2020 09:00:00,3.641,07/09/2020 09:15:00
08/09/2020 09:00:00,3.301,09/09/2020 05:45:00
09/09/2020 09:00:00,3.33,09/09/2020 22:45:00
10/09/2020 09:00:00,3.259,10/09/2020 10:45:00
11/09/2020 09:00:00,3.23,12/09/2020 03:45:00
12/09/2020 09:00:00,3.216,13/09/2020 04:00:00
13/09/2020 09:00:00,3.2,14/09/2020 05:00:00
14/09/2020 09:00:00,3.4,15/09/2020 04:45:00
15/09/2020 09:00:00,4.078,16/09/2020 05:15:00
16/09/2020 09:00:00,4.638,17/09/2020 05:45:00
17/09/2020 09:00:00,4.965,17/09/2020 18:15:00
18/09/2020 09:00:00,5.352,18/09/2020 19:00:00
19/09/2020 09:00:00,5.42,19/09/2020 19:45:00
20/09/2020 09:00:00,5.259,20/09/2020 20:30:00
21/09/2020 09:00:00,4.919,21/09/2020 09:00:00
22/09/2020 09:00:00,4.448,22/09/2020 09:30:00
23/09/2020 09:00:00,3.754,23/09/2020 10:00:00
24/09/2020 09:00:00,3.604,25/09/2020 00:45:00
25/09/2020 09:00:00,3.437,25/09/2020 09:00:00
26/09/2020 09:00:00,3.235,26/09/2020 12:30:00
27/09/2020 09:00:00,3.191,28/09/2020 06:15:00
28/09/2020 09:00:00,3.498,28/09/2020 16:45:00
29/09/2020 09:00:00,4.114,30/09/2020 05:30:00
30/09/2020 09:00:00,4.497,30/09/2020 18:00:00
01/10/2020 09:00:00,4.576,01/10/2020 18:30:00
02/10/2020 09:00:00,4.256,02/10/2020 18:30:00
03/10/2020 09:00:00,4.461,03/10/2020 19:00:00
04/10/2020 09:00:00,4.512,04/10/2020 19:45:00
05/10/2020 09:00:00,4.271,05/10/2020 20:00:00
06/10/2020 09:00:00,3.931,06/10/2020 09:00:00
07/10/2020 09:00:00,4.658,08/10/2020 08:45:00
08/10/2020 09:00:00,4.656,08/10/2020 09:00:00
09/10/2020 09:00:00,3.526,09/10/2020 09:15:00
10/10/2020 09:00:00,3.47,11/10/2020 02:00:00
11/10/2020 09:00:00,3.432,11/10/2020 09:00:00
12/10/2020 09:00:00,3.446,13/10/2020 08:45:00
13/10/2020 09:00:00,3.778,13/10/2020 12:00:00
14/10/2020 09:00:00,4.177,15/10/2020 04:45:00
15/10/2020 09:00:00,4.755,16/10/2020 05:15:00
16/10/2020 09:00:00,5.158,17/10/2020 06:30:00
17/10/2020 09:00:00,5.454,17/10/2020 18:45:00
18/10/2020 09:00:00,5.462,18/10/2020 19:15:00
19/10/2020 09:00:00,5.444,19/10/2020 20:15:00
20/10/2020 09:00:00,5.1,20/10/2020 09:00:00
21/10/2020 09:00:00,4.594,21/10/2020 09:15:00
22/10/2020 09:00:00,3.788,22/10/2020 09:45:00
23/10/2020 09:00:00,3.377,24/10/2020 00:15:00
24/10/2020 09:00:00,4.025,24/10/2020 19:30:00
25/10/2020 09:00:00,3.847,25/10/2020 18:15:00
26/10/2020 09:00:00,3.632,26/10/2020 09:00:00
27/10/2020 09:00:00,3.861,27/10/2020 16:00:00
28/10/2020 09:00:00,4.09,28/10/2020 17:00:00
29/10/2020 09:00:00,4.588,30/10/2020 05:45:00
30/10/2020 09:00:00,4.661,31/10/2020 06:15:00
31/10/2020 09:00:00,4.605,31/10/2020 18:30:00
01/11/2020 09:00:00,5.02,01/11/2020 19:00:00
02/11/2020 09:00:00,4.309,03/11/2020 07:45:00
03/11/2020 09:00:00,4.008,03/11/2020 19:45:00
04/11/2020 09:00:00,3.665,04/11/2020 09:00:00
05/11/2020 09:00:00,3.491,05/11/2020 09:00:00
06/11/2020 09:00:00,3.414,06/11/2020 09:30:00
07/11/2020 09:00:00,3.378,07/11/2020 10:45:00
08/11/2020 09:00:00,3.384,08/11/2020 13:45:00
09/11/2020 09:00:00,3.455,10/11/2020 01:00:00
10/11/2020 09:00:00,3.427,10/11/2020 15:30:00
11/11/2020 09:00:00,3.796,12/11/2020 03:30:00
12/11/2020 09:00:00,4.433,13/11/2020 04:15:00
13/11/2020 09:00:00,4.948,14/11/2020 05:30:00
14/11/2020 09:00:00,5.722,15/11/2020 06:00:00
15/11/2020 09:00:00,5.346,15/11/2020 18:30:00
16/11/2020 09:00:00,5.465,16/11/2020 19:00:00
17/11/2020 09:00:00,5.104,17/11/2020 19:45:00
18/11/2020 09:00:00,4.71,18/11/2020 09:00:00
19/11/2020 09:00:00,4,19/11/2020 09:00:00
20/11/2020 09:00:00,3.769,20/11/2020 09:45:00
21/11/2020 09:00:00,3.935,22/11/2020 00:30:00
22/11/2020 09:00:00,3.647,22/11/2020 09:00:00
23/11/2020 09:00:00,3.569,24/11/2020 06:30:00
24/11/2020 09:00:00,3.558,24/11/2020 09:00:00
25/11/2020 09:00:00,3.487,25/11/2020 09:00:00
26/11/2020 09:00:00,3.402,26/11/2020 16:15:00
27/11/2020 09:00:00,3.714,28/11/2020 05:00:00
28/11/2020 09:00:00,3.92,28/11/2020 17:15:00
29/11/2020 09:00:00,4.026,30/11/2020 06:00:00
30/11/2020 09:00:00,4.163,30/11/2020 18:15:00
01/12/2020 09:00:00,4.181,01/12/2020 18:45:00
02/12/2020 09:00:00,4.26473,03/12/2020 07:30:00
03/12/2020 09:00:00,4.04353,03/12/2020 20:00:00
04/12/2020 09:00:00,3.89814,04/12/2020 20:30:00
05/12/2020 09:00:00,3.56893,05/12/2020 09:00:00
06/12/2020 09:00:00,3.35253,06/12/2020 10:00:00
07/12/2020 09:00:00,3.31312,07/12/2020 11:30:00
08/12/2020 09:00:00,3.34739,09/12/2020 08:45:00
09/12/2020 09:00:00,3.41402,10/12/2020 07:45:00
10/12/2020 09:00:00,3.76062,11/12/2020 08:45:00
11/12/2020 09:00:00,3.99332,12/12/2020 03:45:00
12/12/2020 09:00:00,4.62692,13/12/2020 04:30:00
13/12/2020 09:00:00,5.30271,13/12/2020 17:30:00
14/12/2020 09:00:00,5.10511,15/12/2020 06:30:00
15/12/2020 09:00:00,5.23072,16/12/2020 07:00:00
16/12/2020 09:00:00,4.86151,16/12/2020 19:45:00
17/12/2020 09:00:00,4.94692,18/12/2020 08:45:00
18/12/2020 09:00:00,5.19263,19/12/2020 03:00:00
19/12/2020 09:00:00,4.56453,19/12/2020 09:15:00
20/12/2020 09:00:00,3.92103,20/12/2020 16:00:00
21/12/2020 09:00:00,4.58052,21/12/2020 23:30:00
22/12/2020 09:00:00,3.91537,22/12/2020 09:00:00
23/12/2020 09:00:00,4.00178,23/12/2020 21:30:00
24/12/2020 09:00:00,3.6556,24/12/2020 09:00:00
25/12/2020 09:00:00,3.49421,25/12/2020 09:00:00
26/12/2020 09:00:00,5.0005,27/12/2020 05:30:00
27/12/2020 09:00:00,4.33344,27/12/2020 09:00:00
28/12/2020 09:00:00,3.73672,29/12/2020 05:45:00
29/12/2020 09:00:00,4.11133,30/12/2020 06:15:00
30/12/2020 09:00:00,4.21093,31/12/2020 06:45:00
31/12/2020 09:00:00,4.24054,01/01/2021 07:15:00
01/01/2021 09:00:00,4.17014,02/01/2021 08:00:00
02/01/2021 09:00:00,3.84774,03/01/2021 08:45:00
03/01/2021 09:00:00,3.83574,03/01/2021 09:00:00
04/01/2021 09:00:00,3.71334,04/01/2021 09:45:00
05/01/2021 09:00:00,3.34594,05/01/2021 10:30:00
06/01/2021 09:00:00,3.30657,06/01/2021 09:30:00
07/01/2021 09:00:00,3.26813,07/01/2021 13:00:00
08/01/2021 09:00:00,3.25671,08/01/2021 15:15:00
09/01/2021 09:00:00,3.24312,10/01/2021 04:00:00
10/01/2021 09:00:00,3.76072,11/01/2021 04:45:00
11/01/2021 09:00:00,4.23132,12/01/2021 05:15:00
12/01/2021 09:00:00,4.42193,13/01/2021 06:00:00
13/01/2021 09:00:00,4.61652,14/01/2021 07:00:00
14/01/2021 09:00:00,4.37113,15/01/2021 07:15:00
15/01/2021 09:00:00,4.60673,16/01/2021 08:30:00
16/01/2021 09:00:00,4.42272,16/01/2021 09:00:00
17/01/2021 09:00:00,4.05933,17/01/2021 09:00:00
18/01/2021 09:00:00,4.5476,19/01/2021 06:30:00
19/01/2021 09:00:00,5.00818,20/01/2021 08:45:00
20/01/2021 09:00:00,5.63994,20/01/2021 23:30:00
21/01/2021 09:00:00,3.96179,21/01/2021 09:00:00
22/01/2021 09:00:00,3.5784,22/01/2021 09:00:00
23/01/2021 09:00:00,3.47602,23/01/2021 09:00:00
24/01/2021 09:00:00,3.41163,24/01/2021 09:00:00
25/01/2021 09:00:00,3.37225,25/01/2021 09:00:00
26/01/2021 09:00:00,3.61953,27/01/2021 05:30:00
27/01/2021 09:00:00,4.43013,28/01/2021 06:15:00
28/01/2021 09:00:00,4.78274,29/01/2021 06:45:00
29/01/2021 09:00:00,4.80134,30/01/2021 07:30:00
30/01/2021 09:00:00,4.63595,31/01/2021 08:00:00
31/01/2021 09:00:00,4.75955,01/02/2021 08:45:00
01/02/2021 09:00:00,4.67054,01/02/2021 09:00:00
02/02/2021 09:00:00,4.83115,02/02/2021 09:30:00
03/02/2021 09:00:00,4.50475,03/02/2021 10:00:00
04/02/2021 09:00:00,3.91336,04/02/2021 10:45:00
05/02/2021 09:00:00,3.47195,05/02/2021 12:00:00
06/02/2021 09:00:00,3.79246,06/02/2021 18:45:00
07/02/2021 09:00:00,3.49023,07/02/2021 09:00:00
08/02/2021 09:00:00,3.39184,08/02/2021 09:15:00
09/02/2021 09:00:00,3.86913,10/02/2021 05:15:00
10/02/2021 09:00:00,4.32223,11/02/2021 06:00:00
11/02/2021 09:00:00,4.52156,12/02/2021 06:30:00
12/02/2021 09:00:00,4.62391,13/02/2021 07:15:00
13/02/2021 09:00:00,4.75025,14/02/2021 08:15:00
14/02/2021 09:00:00,4.68646,14/02/2021 23:15:00
15/02/2021 09:00:00,4.45459,15/02/2021 09:00:00
16/02/2021 09:00:00,4.45792,16/02/2021 09:15:00
17/02/2021 09:00:00,4.19848,18/02/2021 01:15:00
18/02/2021 09:00:00,4.1026,18/02/2021 10:15:00
19/02/2021 09:00:00,5.30119,20/02/2021 05:15:00
20/02/2021 09:00:00,5.2633,20/02/2021 13:00:00
21/02/2021 09:00:00,3.78086,22/02/2021 05:30:00
22/02/2021 09:00:00,3.68193,22/02/2021 10:45:00
23/02/2021 09:00:00,4.50754,24/02/2021 07:15:00
24/02/2021 09:00:00,4.39156,24/02/2021 09:00:00
25/02/2021 09:00:00,3.85818,26/02/2021 05:45:00
26/02/2021 09:00:00,4.28052,27/02/2021 06:15:00
27/02/2021 09:00:00,4.65386,28/02/2021 07:15:00
28/02/2021 09:00:00,4.9072,01/03/2021 08:00:00
01/03/2021 09:00:00,4.91653,02/03/2021 08:00:00
02/03/2021 09:00:00,4.82387,03/03/2021 08:45:00
03/03/2021 09:00:00,4.73088,03/03/2021 09:00:00
04/03/2021 09:00:00,4.42822,04/03/2021 09:30:00
05/03/2021 09:00:00,3.67656,05/03/2021 10:45:00
06/03/2021 09:00:00,3.26792,06/03/2021 13:00:00
07/03/2021 09:00:00,3.24532,07/03/2021 17:45:00
08/03/2021 09:00:00,3.23661,08/03/2021 14:30:00
09/03/2021 09:00:00,3.47913,10/03/2021 04:30:00
10/03/2021 09:00:00,4.46247,11/03/2021 05:00:00
11/03/2021 09:00:00,4.52781,12/03/2021 06:00:00
12/03/2021 09:00:00,4.58215,13/03/2021 06:30:00
13/03/2021 09:00:00,4.64449,14/03/2021 07:15:00
14/03/2021 09:00:00,4.56783,15/03/2021 07:45:00
15/03/2021 09:00:00,4.44616,16/03/2021 07:45:00
16/03/2021 09:00:00,4.1075,17/03/2021 08:30:00
17/03/2021 09:00:00,4.0055,17/03/2021 09:00:00
18/03/2021 09:00:00,3.70083,18/03/2021 09:00:00
19/03/2021 09:00:00,3.29419,19/03/2021 11:00:00
20/03/2021 09:00:00,3.25576,21/03/2021 04:00:00
21/03/2021 09:00:00,3.23708,22/03/2021 03:15:00
22/03/2021 09:00:00,3.2314,23/03/2021 02:45:00
23/03/2021 09:00:00,3.22856,23/03/2021 14:15:00
24/03/2021 09:00:00,3.22708,25/03/2021 04:15:00
25/03/2021 09:00:00,3.61042,26/03/2021 04:45:00
26/03/2021 09:00:00,3.94776,27/03/2021 05:15:00
27/03/2021 09:00:00,4.78009,28/03/2021 05:45:00
28/03/2021 09:00:00,5.09344,29/03/2021 06:45:00
29/03/2021 09:00:00,5.25778,30/03/2021 07:30:00
30/03/2021 09:00:00,5.25112,31/03/2021 08:15:00
31/03/2021 09:00:00,5.06428,31/03/2021 20:00:00
01/04/2021 09:00:00,4.81046,01/04/2021 09:00:00
02/04/2021 09:00:00,4.2928,02/04/2021 09:15:00
03/04/2021 09:00:00,3.55314,03/04/2021 10:30:00
04/04/2021 09:00:00,3.21567,05/04/2021 00:45:00
05/04/2021 09:00:00,3.20603,06/04/2021 02:45:00
06/04/2021 09:00:00,3.21239,07/04/2021 05:15:00
07/04/2021 09:00:00,3.22271,08/04/2021 04:30:00
08/04/2021 09:00:00,3.69505,09/04/2021 05:00:00
09/04/2021 09:00:00,4.07739,10/04/2021 05:30:00
10/04/2021 09:00:00,4.29172,11/04/2021 06:00:00
11/04/2021 09:00:00,4.39706,12/04/2021 06:30:00
12/04/2021 09:00:00,4.4094,13/04/2021 07:00:00
13/04/2021 09:00:00,4.24274,14/04/2021 07:30:00
14/04/2021 09:00:00,4.04491,14/04/2021 20:00:00
15/04/2021 09:00:00,3.73925,15/04/2021 20:30:00
16/04/2021 09:00:00,3.54342,16/04/2021 09:00:00
17/04/2021 09:00:00,3.16575,17/04/2021 09:15:00
18/04/2021 09:00:00,3.12337,19/04/2021 06:00:00
19/04/2021 09:00:00,3.1307,20/04/2021 05:45:00
20/04/2021 09:00:00,3.13203,21/04/2021 06:15:00
21/04/2021 09:00:00,3.12936,22/04/2021 06:15:00
22/04/2021 09:00:00,3.13169,23/04/2021 05:45:00
23/04/2021 09:00:00,3.243,24/04/2021 04:30:00
24/04/2021 09:00:00,4.03534,25/04/2021 05:00:00
25/04/2021 09:00:00,4.64867,26/04/2021 05:15:00
26/04/2021 09:00:00,5.13602,27/04/2021 06:30:00
27/04/2021 09:00:00,5.33036,28/04/2021 07:00:00
28/04/2021 09:00:00,5.26253,28/04/2021 19:30:00
29/04/2021 09:00:00,5.10086,29/04/2021 19:30:00
30/04/2021 09:00:00,4.7482,30/04/2021 20:30:00
01/05/2021 09:00:00,4.27038,01/05/2021 09:15:00
02/05/2021 09:00:00,3.61572,02/05/2021 09:45:00
03/05/2021 09:00:00,4.01922,03/05/2021 22:00:00
04/05/2021 09:00:00,3.47037,04/05/2021 09:15:00
05/05/2021 09:00:00,3.36688,05/05/2021 22:15:00
06/05/2021 09:00:00,3.28911,06/05/2021 15:15:00
07/05/2021 09:00:00,3.82463,08/05/2021 04:30:00
08/05/2021 09:00:00,5.46586,08/05/2021 21:45:00
09/05/2021 09:00:00,4.2993,10/05/2021 05:30:00
10/05/2021 09:00:00,4.24964,11/05/2021 06:00:00
11/05/2021 09:00:00,4.29698,12/05/2021 06:30:00
12/05/2021 09:00:00,4.20614,12/05/2021 18:45:00
13/05/2021 09:00:00,4.01649,13/05/2021 19:30:00
14/05/2021 09:00:00,4.03682,14/05/2021 19:45:00
15/05/2021 09:00:00,3.91216,15/05/2021 20:15:00
16/05/2021 09:00:00,3.94836,16/05/2021 11:00:00
17/05/2021 09:00:00,3.50166,17/05/2021 09:00:00
18/05/2021 09:00:00,3.50828,19/05/2021 05:45:00
19/05/2021 09:00:00,3.47632,19/05/2021 09:00:00
20/05/2021 09:00:00,4.81289,21/05/2021 02:00:00
21/05/2021 09:00:00,4.34612,21/05/2021 19:00:00
22/05/2021 09:00:00,3.63335,22/05/2021 11:45:00
23/05/2021 09:00:00,4.19491,24/05/2021 04:15:00
24/05/2021 09:00:00,4.37708,25/05/2021 05:15:00
25/05/2021 09:00:00,4.75319,26/05/2021 06:00:00
26/05/2021 09:00:00,4.9013,27/05/2021 06:45:00
27/05/2021 09:00:00,4.95235,27/05/2021 19:00:00
28/05/2021 09:00:00,4.71046,28/05/2021 19:30:00
29/05/2021 09:00:00,4.34157,29/05/2021 20:45:00
30/05/2021 09:00:00,4.01668,30/05/2021 21:30:00
31/05/2021 09:00:00,3.57973,31/05/2021 09:45:00
01/06/2021 09:00:00,3.26585,01/06/2021 12:00:00
02/06/2021 09:00:00,3.27496,02/06/2021 13:45:00
03/06/2021 09:00:00,3.22713,04/06/2021 04:45:00
04/06/2021 09:00:00,3.21324,05/06/2021 05:45:00
05/06/2021 09:00:00,3.23635,06/06/2021 05:45:00
06/06/2021 09:00:00,3.22645,07/06/2021 05:15:00
07/06/2021 09:00:00,3.34856,08/06/2021 05:15:00
08/06/2021 09:00:00,3.60667,09/06/2021 06:00:00
09/06/2021 09:00:00,3.81077,10/06/2021 06:15:00
10/06/2021 09:00:00,3.85083,10/06/2021 18:15:00
11/06/2021 09:00:00,3.86094,11/06/2021 19:00:00
12/06/2021 09:00:00,3.81304,12/06/2021 19:15:00
13/06/2021 09:00:00,3.71815,13/06/2021 20:00:00
14/06/2021 09:00:00,3.40926,14/06/2021 21:15:00
15/06/2021 09:00:00,3.30432,15/06/2021 09:15:00
16/06/2021 09:00:00,3.16749,17/06/2021 00:00:00
17/06/2021 09:00:00,3.13862,18/06/2021 05:15:00
18/06/2021 09:00:00,3.14172,19/06/2021 06:00:00
19/06/2021 09:00:00,3.17382,20/06/2021 03:15:00
20/06/2021 09:00:00,3.32192,21/06/2021 03:00:00
21/06/2021 09:00:00,3.67303,22/06/2021 04:00:00
22/06/2021 09:00:00,4.08814,23/06/2021 04:45:00
23/06/2021 09:00:00,4.45325,24/06/2021 05:30:00
24/06/2021 09:00:00,4.7213,24/06/2021 17:45:00
25/06/2021 09:00:00,4.81941,25/06/2021 18:30:00
26/06/2021 09:00:00,4.73752,26/06/2021 19:15:00
27/06/2021 09:00:00,4.57963,27/06/2021 20:15:00
28/06/2021 09:00:00,4.32474,28/06/2021 21:15:00
29/06/2021 09:00:00,3.85485,29/06/2021 22:15:00
30/06/2021 09:00:00,3.3969,30/06/2021 10:15:00
01/07/2021 09:00:00,3.07702,01/07/2021 13:00:00
02/07/2021 09:00:00,3.03721,03/07/2021 06:45:00
03/07/2021 09:00:00,3.25731,04/07/2021 06:15:00
04/07/2021 09:00:00,3.37935,04/07/2021 15:00:00
05/07/2021 09:00:00,3.45153,06/07/2021 08:15:00
06/07/2021 09:00:00,3.64661,07/07/2021 02:45:00
07/07/2021 09:00:00,3.52264,07/07/2021 09:00:00
08/07/2021 09:00:00,3.47684,09/07/2021 06:00:00
09/07/2021 09:00:00,3.71189,09/07/2021 17:45:00
10/07/2021 09:00:00,3.99,10/07/2021 18:45:00
11/07/2021 09:00:00,4.08211,11/07/2021 19:30:00
12/07/2021 09:00:00,4.02321,12/07/2021 20:00:00
13/07/2021 09:00:00,3.97432,13/07/2021 20:45:00
14/07/2021 09:00:00,3.84243,14/07/2021 21:30:00
15/07/2021 09:00:00,3.60054,15/07/2021 22:30:00
16/07/2021 09:00:00,3.3196,16/07/2021 10:45:00
17/07/2021 09:00:00,3.13078,18/07/2021 03:45:00
18/07/2021 09:00:00,3.10289,19/07/2021 06:00:00
19/07/2021 09:00:00,3.115,20/07/2021 06:00:00
20/07/2021 09:00:00,3.22609,21/07/2021 03:45:00
21/07/2021 09:00:00,3.6582,22/07/2021 04:45:00
22/07/2021 09:00:00,4.15926,22/07/2021 16:45:00
23/07/2021 09:00:00,4.42636,23/07/2021 17:15:00
24/07/2021 09:00:00,4.72047,24/07/2021 18:30:00
25/07/2021 09:00:00,4.91458,25/07/2021 19:00:00
26/07/2021 09:00:00,4.82969,26/07/2021 19:45:00
27/07/2021 09:00:00,4.6658,27/07/2021 20:30:00
28/07/2021 09:00:00,4.29491,28/07/2021 21:30:00
29/07/2021 09:00:00,3.86802,29/07/2021 22:30:00
30/07/2021 09:00:00,3.31507,30/07/2021 10:45:00
31/07/2021 09:00:00,3.16518,31/07/2021 12:00:00
01/08/2021 09:00:00,3.12537,02/08/2021 05:45:00
02/08/2021 09:00:00,3.24347,03/08/2021 05:15:00
03/08/2021 09:00:00,3.15949,03/08/2021 09:00:00
04/08/2021 09:00:00,3.14069,05/08/2021 07:15:00
05/08/2021 09:00:00,3.3838,06/08/2021 08:45:00
06/08/2021 09:00:00,3.76289,07/08/2021 05:30:00
07/08/2021 09:00:00,3.96795,07/08/2021 17:45:00
08/08/2021 09:00:00,4.23106,08/08/2021 18:15:00
09/08/2021 09:00:00,4.49616,09/08/2021 18:45:00
10/08/2021 09:00:00,4.51127,10/08/2021 19:30:00
11/08/2021 09:00:00,4.58738,11/08/2021 20:00:00
12/08/2021 09:00:00,4.55349,12/08/2021 20:45:00
13/08/2021 09:00:00,4.2476,13/08/2021 21:30:00
14/08/2021 09:00:00,3.94065,14/08/2021 10:15:00
15/08/2021 09:00:00,3.52376,15/08/2021 11:00:00
16/08/2021 09:00:00,3.38386,16/08/2021 09:15:00
17/08/2021 09:00:00,3.24105,18/08/2021 03:30:00
18/08/2021 09:00:00,3.23416,19/08/2021 05:00:00
19/08/2021 09:00:00,3.40421,19/08/2021 15:45:00
20/08/2021 09:00:00,3.92437,21/08/2021 05:30:00
21/08/2021 09:00:00,4.37143,21/08/2021 17:30:00
22/08/2021 09:00:00,4.60953,22/08/2021 18:15:00
23/08/2021 09:00:00,4.64664,23/08/2021 19:15:00
24/08/2021 09:00:00,4.69075,24/08/2021 19:30:00
25/08/2021 09:00:00,4.45786,25/08/2021 20:30:00
26/08/2021 09:00:00,4.22297,26/08/2021 21:00:00
27/08/2021 09:00:00,3.76602,27/08/2021 09:00:00
28/08/2021 09:00:00,3.37813,28/08/2021 09:45:00
29/08/2021 09:00:00,3.12325,29/08/2021 12:15:00
30/08/2021 09:00:00,3.11843,31/08/2021 05:45:00
31/08/2021 09:00:00,3.12054,01/09/2021 06:45:00
01/09/2021 09:00:00,3.11164,02/09/2021 05:45:00
02/09/2021 09:00:00,3.12375,03/09/2021 06:30:00
03/09/2021 09:00:00,3.11885,04/09/2021 06:15:00
04/09/2021 09:00:00,3.3769,04/09/2021 16:45:00
05/09/2021 09:00:00,3.95606,06/09/2021 06:00:00
06/09/2021 09:00:00,4.44517,07/09/2021 06:30:00
07/09/2021 09:00:00,4.81128,08/09/2021 07:00:00
08/09/2021 09:00:00,5.05933,08/09/2021 19:00:00
09/09/2021 09:00:00,5.12644,09/09/2021 20:00:00
10/09/2021 09:00:00,4.93755,10/09/2021 20:15:00
11/09/2021 09:00:00,4.61161,11/09/2021 09:00:00
12/09/2021 09:00:00,4.20071,12/09/2021 09:45:00
13/09/2021 09:00:00,3.65582,13/09/2021 10:15:00
14/09/2021 09:00:00,3.26295,14/09/2021 14:15:00
15/09/2021 09:00:00,3.15503,15/09/2021 09:00:00
16/09/2021 09:00:00,3.13323,17/09/2021 06:00:00
17/09/2021 09:00:00,3.25833,18/09/2021 04:45:00
18/09/2021 09:00:00,4.02438,18/09/2021 16:30:00
19/09/2021 09:00:00,4.43949,19/09/2021 17:30:00
20/09/2021 09:00:00,4.68459,20/09/2021 18:00:00
21/09/2021 09:00:00,4.8047,21/09/2021 18:30:00
22/09/2021 09:00:00,4.80481,22/09/2021 19:00:00
23/09/2021 09:00:00,4.63592,23/09/2021 19:45:00
24/09/2021 09:00:00,4.40603,24/09/2021 20:15:00
25/09/2021 09:00:00,4.05714,25/09/2021 21:00:00
26/09/2021 09:00:00,3.95029,27/09/2021 08:45:00
27/09/2021 09:00:00,3.9663,27/09/2021 09:15:00
28/09/2021 09:00:00,4.86943,28/09/2021 16:30:00
29/09/2021 09:00:00,3.56051,29/09/2021 09:00:00
30/09/2021 09:00:00,4.83571,01/10/2021 07:00:00
01/10/2021 09:00:00,4.65872,01/10/2021 09:00:00
02/10/2021 09:00:00,4.03386,02/10/2021 17:15:00
03/10/2021 09:00:00,3.82503,04/10/2021 08:45:00
04/10/2021 09:00:00,4.9851,05/10/2021 00:30:00
05/10/2021 09:00:00,4.64023,06/10/2021 06:15:00
06/10/2021 09:00:00,5.05134,07/10/2021 06:45:00
07/10/2021 09:00:00,5.21339,07/10/2021 19:00:00
08/10/2021 09:00:00,5.1865,08/10/2021 19:45:00
09/10/2021 09:00:00,4.89861,09/10/2021 20:15:00
10/10/2021 09:00:00,4.43367,10/10/2021 09:00:00
11/10/2021 09:00:00,4.06077,11/10/2021 09:00:00
12/10/2021 09:00:00,3.36488,12/10/2021 10:15:00
13/10/2021 09:00:00,3.26307,14/10/2021 03:45:00
14/10/2021 09:00:00,3.25417,15/10/2021 03:30:00
15/10/2021 09:00:00,3.24028,16/10/2021 05:00:00
16/10/2021 09:00:00,3.33233,16/10/2021 15:30:00
17/10/2021 09:00:00,3.90149,18/10/2021 05:00:00
18/10/2021 09:00:00,4.41255,18/10/2021 17:00:00
19/10/2021 09:00:00,5.04871,20/10/2021 06:30:00
20/10/2021 09:00:00,5.03773,20/10/2021 10:30:00
21/10/2021 09:00:00,4.61787,21/10/2021 19:00:00
22/10/2021 09:00:00,4.38998,22/10/2021 19:15:00
23/10/2021 09:00:00,4.36609,23/10/2021 19:45:00
24/10/2021 09:00:00,3.97619,24/10/2021 20:15:00
25/10/2021 09:00:00,3.66025,25/10/2021 09:00:00
26/10/2021 09:00:00,3.51546,27/10/2021 08:45:00
27/10/2021 09:00:00,3.62648,27/10/2021 14:00:00
28/10/2021 09:00:00,5.27563,28/10/2021 23:30:00
29/10/2021 09:00:00,4.48278,30/10/2021 08:30:00
30/10/2021 09:00:00,4.47678,30/10/2021 09:00:00
31/10/2021 09:00:00,4.37589,31/10/2021 11:00:00
01/11/2021 09:00:00,3.75407,02/11/2021 04:15:00
02/11/2021 09:00:00,4.40918,03/11/2021 04:30:00
03/11/2021 09:00:00,4.73029,04/11/2021 05:15:00
04/11/2021 09:00:00,5.0684,05/11/2021 06:30:00
05/11/2021 09:00:00,5.19245,05/11/2021 18:45:00
06/11/2021 09:00:00,5.27556,06/11/2021 19:15:00
07/11/2021 09:00:00,4.91867,07/11/2021 20:15:00
08/11/2021 09:00:00,4.47473,08/11/2021 09:00:00
09/11/2021 09:00:00,4.15784,09/11/2021 09:15:00
10/11/2021 09:00:00,3.66295,10/11/2021 10:15:00
11/11/2021 09:00:00,3.71315,12/11/2021 08:45:00
12/11/2021 09:00:00,3.81316,12/11/2021 11:00:00
13/11/2021 09:00:00,3.53226,13/11/2021 09:15:00
14/11/2021 09:00:00,3.42139,14/11/2021 15:30:00
15/11/2021 09:00:00,3.4505,15/11/2021 16:00:00
16/11/2021 09:00:00,3.90361,16/11/2021 16:45:00
17/11/2021 09:00:00,4.03871,17/11/2021 17:15:00
18/11/2021 09:00:00,4.10882,18/11/2021 17:45:00
19/11/2021 09:00:00,4.17198,20/11/2021 06:30:00
20/11/2021 09:00:00,4.05804,20/11/2021 19:00:00
21/11/2021 09:00:00,3.69715,21/11/2021 19:30:00
22/11/2021 09:00:00,3.47931,23/11/2021 08:30:00
23/11/2021 09:00:00,3.41531,23/11/2021 09:00:00
24/11/2021 09:00:00,3.28842,24/11/2021 09:00:00
25/11/2021 09:00:00,3.2486,26/11/2021 02:15:00
26/11/2021 09:00:00,3.33273,27/11/2021 08:30:00
27/11/2021 09:00:00,3.33874,27/11/2021 11:00:00
28/11/2021 09:00:00,3.26492,29/11/2021 03:30:00
29/11/2021 09:00:00,3.26204,30/11/2021 05:30:00
30/11/2021 09:00:00,3.46815,01/12/2021 08:30:00
01/12/2021 09:00:00,4.08824,02/12/2021 04:15:00
02/12/2021 09:00:00,4.61635,03/12/2021 05:15:00
03/12/2021 09:00:00,5.00346,04/12/2021 06:00:00
04/12/2021 09:00:00,4.87351,04/12/2021 17:45:00
05/12/2021 09:00:00,4.99268,06/12/2021 07:30:00
06/12/2021 09:00:00,5.09479,07/12/2021 08:30:00
07/12/2021 09:00:00,5.13684,07/12/2021 20:15:00
08/12/2021 09:00:00,4.4739,08/12/2021 09:00:00
09/12/2021 09:00:00,4.028,09/12/2021 09:45:00
10/12/2021 09:00:00,3.538,10/12/2021 09:00:00
11/12/2021 09:00:00,4.1,12/12/2021 08:30:00
12/12/2021 09:00:00,4.256,13/12/2021 05:45:00
13/12/2021 09:00:00,4.264,13/12/2021 11:45:00
14/12/2021 09:00:00,4.044,14/12/2021 09:30:00
15/12/2021 09:00:00,3.618,15/12/2021 10:30:00
16/12/2021 09:00:00,3.489,16/12/2021 10:15:00
17/12/2021 09:00:00,3.51,18/12/2021 05:45:00
18/12/2021 09:00:00,3.634,19/12/2021 06:15:00
19/12/2021 09:00:00,3.834,20/12/2021 07:00:00
20/12/2021 09:00:00,3.921,21/12/2021 07:30:00
21/12/2021 09:00:00,3.97,22/12/2021 08:00:00
22/12/2021 09:00:00,3.956,23/12/2021 08:30:00
23/12/2021 09:00:00,3.833,23/12/2021 09:00:00
24/12/2021 09:00:00,3.758,24/12/2021 09:15:00
25/12/2021 09:00:00,4.072,26/12/2021 02:15:00
26/12/2021 09:00:00,3.891,26/12/2021 09:00:00
27/12/2021 09:00:00,3.646,27/12/2021 21:30:00
28/12/2021 09:00:00,3.677,28/12/2021 12:45:00
29/12/2021 09:00:00,4.296,30/12/2021 08:45:00
30/12/2021 09:00:00,4.714,30/12/2021 15:15:00
31/12/2021 09:00:00,4.392,01/01/2022 04:30:00
01/01/2022 09:00:00,4.879,02/01/2022 05:45:00
02/01/2022 09:00:00,5.012,03/01/2022 06:30:00
03/01/2022 09:00:00,4.937,03/01/2022 19:00:00
04/01/2022 09:00:00,4.951,05/01/2022 08:15:00
05/01/2022 09:00:00,4.881,06/01/2022 08:45:00
06/01/2022 09:00:00,4.856,06/01/2022 09:00:00
07/01/2022 09:00:00,4.21,07/01/2022 09:30:00
08/01/2022 09:00:00,4.572,08/01/2022 13:15:00
09/01/2022 09:00:00,3.593,09/01/2022 11:30:00
10/01/2022 09:00:00,3.636,11/01/2022 08:45:00
11/01/2022 09:00:00,3.638,11/01/2022 09:15:00
12/01/2022 09:00:00,3.446,12/01/2022 09:15:00
13/01/2022 09:00:00,3.402,13/01/2022 15:30:00
14/01/2022 09:00:00,3.376,14/01/2022 19:45:00
15/01/2022 09:00:00,3.372,16/01/2022 05:45:00
16/01/2022 09:00:00,3.619,17/01/2022 06:15:00
17/01/2022 09:00:00,3.781,18/01/2022 06:45:00
18/01/2022 09:00:00,4.048,19/01/2022 07:15:00
19/01/2022 09:00:00,4.085,20/01/2022 07:45:00
20/01/2022 09:00:00,3.958,21/01/2022 08:30:00
21/01/2022 09:00:00,3.723,21/01/2022 09:00:00
22/01/2022 09:00:00,3.838,22/01/2022 09:00:00
23/01/2022 09:00:00,3.737,23/01/2022 09:30:00
24/01/2022 09:00:00,3.421,24/01/2022 10:30:00
25/01/2022 09:00:00,3.234,26/01/2022 02:00:00
26/01/2022 09:00:00,3.234,27/01/2022 03:30:00
27/01/2022 09:00:00,3.278,28/01/2022 02:45:00
28/01/2022 09:00:00,3.293,29/01/2022 08:45:00
29/01/2022 09:00:00,3.549,30/01/2022 04:30:00
30/01/2022 09:00:00,3.981,30/01/2022 17:00:00
31/01/2022 09:00:00,4.75,01/02/2022 06:00:00
01/02/2022 09:00:00,5.015,02/02/2022 06:45:00
02/02/2022 09:00:00,5.122,03/02/2022 07:30:00
03/02/2022 09:00:00,4.905,03/02/2022 20:00:00
04/02/2022 09:00:00,4.69,05/02/2022 08:45:00
05/02/2022 09:00:00,4.791,05/02/2022 09:00:00
06/02/2022 09:00:00,4.59,06/02/2022 09:45:00
07/02/2022 09:00:00,3.641,07/02/2022 10:45:00
08/02/2022 09:00:00,3.392,08/02/2022 11:15:00
09/02/2022 09:00:00,3.529,09/02/2022 14:15:00
10/02/2022 09:00:00,3.364,10/02/2022 15:00:00
11/02/2022 09:00:00,3.292,11/02/2022 14:30:00
12/02/2022 09:00:00,4.179,13/02/2022 06:00:00
13/02/2022 09:00:00,5.223,13/02/2022 19:15:00
14/02/2022 09:00:00,3.83,15/02/2022 06:00:00
15/02/2022 09:00:00,4.829,15/02/2022 14:15:00
16/02/2022 09:00:00,4.755,16/02/2022 19:00:00
17/02/2022 09:00:00,5.541,18/02/2022 07:45:00
18/02/2022 09:00:00,5.047,18/02/2022 09:00:00
19/02/2022 09:00:00,4.963,20/02/2022 08:30:00
20/02/2022 09:00:00,5.073,20/02/2022 20:45:00
21/02/2022 09:00:00,4.379,21/02/2022 09:30:00
22/02/2022 09:00:00,4.467,22/02/2022 10:00:00
23/02/2022 09:00:00,3.821,23/02/2022 10:30:00
24/02/2022 09:00:00,3.674,24/02/2022 10:30:00
25/02/2022 09:00:00,3.477,25/02/2022 11:00:00
26/02/2022 09:00:00,3.383,27/02/2022 06:45:00
27/02/2022 09:00:00,3.582,28/02/2022 04:30:00
28/02/2022 09:00:00,4.085,01/03/2022 05:15:00
01/03/2022 09:00:00,4.716,02/03/2022 06:15:00
02/03/2022 09:00:00,5.097,03/03/2022 07:00:00
03/03/2022 09:00:00,4.992,04/03/2022 07:30:00
04/03/2022 09:00:00,4.855,05/03/2022 08:15:00
05/03/2022 09:00:00,4.526,06/03/2022 08:15:00
06/03/2022 09:00:00,4.456,06/03/2022 09:00:00
07/03/2022 09:00:00,4.126,07/03/2022 09:00:00
08/03/2022 09:00:00,3.996,08/03/2022 09:45:00
09/03/2022 09:00:00,3.383,10/03/2022 05:30:00
10/03/2022 09:00:00,3.383,11/03/2022 01:30:00
11/03/2022 09:00:00,3.671,11/03/2022 21:30:00
12/03/2022 09:00:00,3.579,12/03/2022 12:15:00
13/03/2022 09:00:00,3.545,13/03/2022 09:00:00
14/03/2022 09:00:00,3.411,14/03/2022 09:00:00
15/03/2022 09:00:00,3.555,16/03/2022 05:30:00
16/03/2022 09:00:00,4.076,17/03/2022 06:00:00
17/03/2022 09:00:00,4.305,18/03/2022 06:30:00
18/03/2022 09:00:00,4.664,19/03/2022 06:45:00
19/03/2022 09:00:00,4.821,20/03/2022 07:15:00
20/03/2022 09:00:00,4.816,21/03/2022 08:00:00
21/03/2022 09:00:00,4.745,21/03/2022 20:15:00
22/03/2022 09:00:00,4.526,22/03/2022 09:00:00
23/03/2022 09:00:00,4.2,23/03/2022 09:30:00
24/03/2022 09:00:00,3.433,24/03/2022 10:30:00
25/03/2022 09:00:00,3.441,25/03/2022 12:45:00
26/03/2022 09:00:00,3.192,27/03/2022 05:45:00
27/03/2022 09:00:00,3.194,28/03/2022 06:00:00
28/03/2022 09:00:00,3.469,29/03/2022 04:30:00
29/03/2022 09:00:00,4.259,30/03/2022 05:00:00
30/03/2022 09:00:00,4.525,31/03/2022 05:45:00
31/03/2022 09:00:00,4.783,01/04/2022 06:15:00
01/04/2022 09:00:00,4.851,02/04/2022 07:00:00
02/04/2022 09:00:00,4.712,03/04/2022 07:30:00
03/04/2022 09:00:00,4.618,04/04/2022 08:00:00
04/04/2022 09:00:00,4.288,05/04/2022 08:45:00
05/04/2022 09:00:00,4.074,05/04/2022 09:00:00
06/04/2022 09:00:00,3.797,06/04/2022 09:30:00
07/04/2022 09:00:00,3.302,07/04/2022 09:15:00
08/04/2022 09:00:00,3.205,08/04/2022 11:00:00
09/04/2022 09:00:00,3.162,10/04/2022 04:30:00
10/04/2022 09:00:00,3.168,11/04/2022 06:00:00
11/04/2022 09:00:00,3.176,12/04/2022 08:45:00
12/04/2022 09:00:00,3.256,13/04/2022 05:00:00
13/04/2022 09:00:00,3.59,14/04/2022 04:45:00
14/04/2022 09:00:00,4.205,15/04/2022 05:15:00
15/04/2022 09:00:00,4.615,16/04/2022 05:45:00
16/04/2022 09:00:00,4.898,17/04/2022 06:15:00
17/04/2022 09:00:00,5.087,18/04/2022 07:00:00
18/04/2022 09:00:00,4.965,18/04/2022 19:15:00
19/04/2022 09:00:00,4.851,19/04/2022 20:00:00
20/04/2022 09:00:00,4.491,20/04/2022 20:45:00
21/04/2022 09:00:00,4.095,21/04/2022 09:30:00
22/04/2022 09:00:00,3.341,22/04/2022 10:30:00
23/04/2022 09:00:00,3.147,24/04/2022 00:45:00
24/04/2022 09:00:00,3.132,25/04/2022 05:15:00
25/04/2022 09:00:00,3.114,26/04/2022 06:00:00
26/04/2022 09:00:00,3.308,27/04/2022 04:30:00
27/04/2022 09:00:00,3.799,28/04/2022 05:00:00
28/04/2022 09:00:00,4.147,29/04/2022 05:30:00
29/04/2022 09:00:00,4.385,30/04/2022 06:00:00
30/04/2022 09:00:00,4.483,01/05/2022 06:30:00
01/05/2022 09:00:00,4.41959,02/05/2022 07:15:00
02/05/2022 09:00:00,4.22052,02/05/2022 19:30:00
03/05/2022 09:00:00,3.99638,03/05/2022 20:15:00
04/05/2022 09:00:00,3.54831,04/05/2022 09:00:00
05/05/2022 09:00:00,3.24017,05/05/2022 09:00:00
06/05/2022 09:00:00,3.11793,07/05/2022 03:15:00
07/05/2022 09:00:00,3.0789,07/05/2022 09:30:00
08/05/2022 09:00:00,3.04576,08/05/2022 09:00:00
09/05/2022 09:00:00,3.0456,09/05/2022 14:30:00
10/05/2022 09:00:00,3.30836,11/05/2022 08:45:00
11/05/2022 09:00:00,3.54531,11/05/2022 16:30:00
12/05/2022 09:00:00,3.35811,13/05/2022 04:15:00
13/05/2022 09:00:00,3.94997,14/05/2022 05:00:00
14/05/2022 09:00:00,4.46383,15/05/2022 05:15:00
15/05/2022 09:00:00,4.9057,16/05/2022 05:45:00
16/05/2022 09:00:00,5.04763,16/05/2022 18:15:00
17/05/2022 09:00:00,5.09348,17/05/2022 19:15:00
18/05/2022 09:00:00,4.79735,18/05/2022 19:45:00
19/05/2022 09:00:00,4.50421,19/05/2022 20:30:00
20/05/2022 09:00:00,4.26613,20/05/2022 09:15:00
21/05/2022 09:00:00,3.55799,21/05/2022 10:00:00
22/05/2022 09:00:00,3.12184,22/05/2022 12:15:00
23/05/2022 09:00:00,3.14562,24/05/2022 04:45:00
24/05/2022 09:00:00,3.18849,25/05/2022 02:45:00
25/05/2022 09:00:00,3.33835,26/05/2022 03:45:00
26/05/2022 09:00:00,3.43321,27/05/2022 04:30:00
27/05/2022 09:00:00,3.68907,28/05/2022 05:15:00
28/05/2022 09:00:00,3.73693,29/05/2022 06:00:00
29/05/2022 09:00:00,3.95979,30/05/2022 06:15:00
30/05/2022 09:00:00,4.13072,30/05/2022 18:30:00
31/05/2022 09:00:00,4.04558,31/05/2022 19:15:00
01/06/2022 09:00:00,3.83844,01/06/2022 20:00:00
02/06/2022 09:00:00,3.57731,02/06/2022 20:30:00
03/06/2022 09:00:00,3.27523,03/06/2022 09:00:00
04/06/2022 09:00:00,3.13298,05/06/2022 05:15:00
05/06/2022 09:00:00,3.16786,06/06/2022 02:30:00
06/06/2022 09:00:00,3.16081,06/06/2022 12:45:00
07/06/2022 09:00:00,3.1516,08/06/2022 01:15:00
08/06/2022 09:00:00,3.18244,09/06/2022 06:00:00
09/06/2022 09:00:00,3.29529,10/06/2022 08:30:00
10/06/2022 09:00:00,3.30418,11/06/2022 03:30:00
11/06/2022 09:00:00,3.59804,12/06/2022 04:15:00
12/06/2022 09:00:00,4.0439,13/06/2022 05:00:00
13/06/2022 09:00:00,4.43376,14/06/2022 05:45:00
14/06/2022 09:00:00,4.70369,14/06/2022 18:00:00
15/06/2022 09:00:00,4.77955,15/06/2022 19:15:00
16/06/2022 09:00:00,4.81241,16/06/2022 19:30:00
17/06/2022 09:00:00,4.60627,17/06/2022 20:30:00
18/06/2022 09:00:00,4.36413,18/06/2022 21:30:00
19/06/2022 09:00:00,3.82699,19/06/2022 22:45:00
20/06/2022 09:00:00,3.33784,21/06/2022 00:00:00
21/06/2022 09:00:00,3.08069,22/06/2022 03:45:00
22/06/2022 09:00:00,3.04362,22/06/2022 15:45:00
23/06/2022 09:00:00,3.08449,23/06/2022 13:45:00
24/06/2022 09:00:00,3.26328,25/06/2022 03:45:00
25/06/2022 09:00:00,3.42614,26/06/2022 04:45:00
26/06/2022 09:00:00,3.42007,26/06/2022 17:15:00
27/06/2022 09:00:00,3.65586,28/06/2022 06:00:00
28/06/2022 09:00:00,3.86879,28/06/2022 18:15:00
29/06/2022 09:00:00,3.91565,29/06/2022 18:30:00
30/06/2022 09:00:00,3.88351,30/06/2022 19:00:00
01/07/2022 09:00:00,3.94137,01/07/2022 19:45:00
02/07/2022 09:00:00,3.72023,02/07/2022 20:30:00
03/07/2022 09:00:00,3.48309,03/07/2022 21:15:00
04/07/2022 09:00:00,3.24295,04/07/2022 22:30:00
05/07/2022 09:00:00,3.1808,06/07/2022 01:15:00
06/07/2022 09:00:00,3.16466,07/07/2022 02:45:00
07/07/2022 09:00:00,3.1445,08/07/2022 06:00:00
08/07/2022 09:00:00,3.10937,09/07/2022 06:00:00
09/07/2022 09:00:00,3.08523,10/07/2022 06:00:00
10/07/2022 09:00:00,3.18411,11/07/2022 04:00:00
11/07/2022 09:00:00,3.68696,12/07/2022 05:00:00
12/07/2022 09:00:00,4.14683,13/07/2022 05:30:00
13/07/2022 09:00:00,4.43469,14/07/2022 06:15:00
14/07/2022 09:00:00,4.70362,14/07/2022 18:30:00
15/07/2022 09:00:00,4.85548,15/07/2022 19:15:00
16/07/2022 09:00:00,4.86334,16/07/2022 20:15:00
17/07/2022 09:00:00,4.57519,17/07/2022 21:15:00
18/07/2022 09:00:00,4.37405,18/07/2022 22:00:00
19/07/2022 09:00:00,3.79091,19/07/2022 23:15:00
20/07/2022 09:00:00,3.08477,21/07/2022 01:00:00
21/07/2022 09:00:00,3.04171,21/07/2022 10:30:00
22/07/2022 09:00:00,3.04158,22/07/2022 09:00:00
23/07/2022 09:00:00,3.24031,24/07/2022 08:45:00
24/07/2022 09:00:00,3.58624,24/07/2022 22:15:00
25/07/2022 09:00:00,3.42518,25/07/2022 09:00:00
26/07/2022 09:00:00,3.27599,26/07/2022 17:15:00
27/07/2022 09:00:00,3.58786,27/07/2022 17:30:00
28/07/2022 09:00:00,3.81072,28/07/2022 18:15:00
29/07/2022 09:00:00,3.96758,29/07/2022 18:45:00
30/07/2022 09:00:00,4.16244,30/07/2022 19:45:00
31/07/2022 09:00:00,4.1333,31/07/2022 19:45:00
01/08/2022 09:00:00,4.18216,01/08/2022 20:45:00
02/08/2022 09:00:00,4.01902,02/08/2022 21:15:00
03/08/2022 09:00:00,3.73688,03/08/2022 21:45:00
04/08/2022 09:00:00,3.37581,04/08/2022 10:45:00
05/08/2022 09:00:00,3.25767,05/08/2022 11:30:00
06/08/2022 09:00:00,3.18845,07/08/2022 03:00:00
07/08/2022 09:00:00,3.1643,08/08/2022 05:00:00
08/08/2022 09:00:00,3.15216,09/08/2022 06:00:00
09/08/2022 09:00:00,3.28903,10/08/2022 05:00:00
10/08/2022 09:00:00,4.064,11/08/2022 05:30:00
11/08/2022 09:00:00,4.64,11/08/2022 17:45:00
12/08/2022 09:00:00,5.011,12/08/2022 18:15:00
13/08/2022 09:00:00,5.286,13/08/2022 19:30:00
14/08/2022 09:00:00,5.281,14/08/2022 20:15:00
15/08/2022 09:00:00,5.004,15/08/2022 21:00:00
16/08/2022 09:00:00,4.522,16/08/2022 21:15:00
17/08/2022 09:00:00,3.889,17/08/2022 10:00:00
18/08/2022 09:00:00,3.476,18/08/2022 10:15:00
19/08/2022 09:00:00,3.152,19/08/2022 12:15:00
20/08/2022 09:00:00,3.131,21/08/2022 03:00:00
21/08/2022 09:00:00,3.119,22/08/2022 05:45:00
22/08/2022 09:00:00,3.154,23/08/2022 08:00:00
23/08/2022 09:00:00,3.178,24/08/2022 06:15:00
24/08/2022 09:00:00,3.257,24/08/2022 22:30:00
25/08/2022 09:00:00,3.538,25/08/2022 17:30:00
26/08/2022 09:00:00,3.872,26/08/2022 17:45:00
27/08/2022 09:00:00,4.162,28/08/2022 07:00:00
28/08/2022 09:00:00,4.369,28/08/2022 19:15:00
29/08/2022 09:00:00,4.484,29/08/2022 19:30:00
30/08/2022 09:00:00,4.458,30/08/2022 20:15:00
31/08/2022 09:00:00,4.302,31/08/2022 20:45:00
01/09/2022 09:00:00,4.04,01/09/2022 09:15:00
02/09/2022 09:00:00,3.753,02/09/2022 09:30:00
03/09/2022 09:00:00,3.339,03/09/2022 11:00:00
04/09/2022 09:00:00,4.331,05/09/2022 02:45:00
05/09/2022 09:00:00,3.687,05/09/2022 09:00:00
06/09/2022 09:00:00,3.36,06/09/2022 09:00:00
07/09/2022 09:00:00,3.67,08/09/2022 04:15:00
08/09/2022 09:00:00,4.154,08/09/2022 16:45:00
09/09/2022 09:00:00,4.698,09/09/2022 17:45:00
10/09/2022 09:00:00,5.163,10/09/2022 18:15:00
11/09/2022 09:00:00,5.382,11/09/2022 19:15:00
12/09/2022 09:00:00,5.301,12/09/2022 20:00:00
13/09/2022 09:00:00,5.02,13/09/2022 20:00:00
14/09/2022 09:00:00,4.563,14/09/2022 20:45:00
15/09/2022 09:00:00,4.108,15/09/2022 09:15:00
16/09/2022 09:00:00,3.336,16/09/2022 10:00:00